------------------------------------------------------------------------------------------------------------------------

[2026-05-15 00:17:56 #1 store] 
Database 'C:\Users\jla\git\conclave2.0\Market26\src\main\resources\products.temp' is opened by 10676@DESKTOP-QMJV9R8

[2026-05-15 00:17:56 #2 type.registry] 
New type domain.Persona

[2026-05-15 00:17:56 #3 type.registry] 
New type domain.MaestroDeCeremonias

[2026-05-15 00:17:56 #4 type] 
Type domain.Persona is not enhanced.

[2026-05-15 00:17:56 #5 type.registry] 
New type domain.SesionVoto

[2026-05-15 00:17:56 #6 type] 
Type domain.MaestroDeCeremonias is not enhanced.

[2026-05-15 00:17:56 #7 type.registry] 
New type domain.Conclave

[2026-05-15 00:17:56 #8 type] 
Type domain.SesionVoto is not enhanced.

[2026-05-15 00:17:56 #9 type.registry] 
New type domain.Cardenal

[2026-05-15 00:17:56 #10 type.registry] 
New type domain.CardenalElector

[2026-05-15 00:17:56 #11 type] 
Type domain.Conclave is not enhanced.

[2026-05-15 00:17:56 #12 type.registry] 
New type domain.Papa

[2026-05-15 00:17:56 #13 type] 
Type domain.Cardenal is not enhanced.

[2026-05-15 00:17:56 #14 type] 
Type domain.CardenalElector is not enhanced.

[2026-05-15 00:17:56 #15 type] 
Type domain.Papa is not enhanced.

[2026-05-15 00:17:56 #16 type.registry] 
New type java.util.HashSet<java.lang.Object>

[2026-05-15 00:17:56 #17 type.registry] 
New type java.util.HashSet<domain.Persona>

[2026-05-15 00:17:56 #18 type.registry] 
New type java.util.HashSet<domain.CardenalElector>

[2026-05-15 00:17:56 #19 type.registry] 
New type java.util.ArrayList<java.lang.Object>

[2026-05-15 00:17:56 #20 type.registry] 
New type java.util.ArrayList<domain.CardenalElector>

[2026-05-15 00:17:56 #21 type.registry] 
New type java.util.ArrayList<domain.SesionVoto>

[2026-05-15 00:17:56 #22 store] 
Database 'C:\Users\jla\git\conclave2.0\Market26\src\main\resources\products.temp' is closed by 10676@DESKTOP-QMJV9R8

------------------------------------------------------------------------------------------------------------------------

[2026-05-15 00:23:31 #1 store] 
Database 'C:\Users\jla\git\conclave2.0\Market26\src\main\resources\conclaveDB.temp' is opened by 8956@DESKTOP-QMJV9R8

[2026-05-15 00:23:31 #2 type.registry] 
New type domain.Persona

[2026-05-15 00:23:31 #3 type.registry] 
New type domain.MaestroDeCeremonias

[2026-05-15 00:23:31 #4 type] 
Type domain.Persona is not enhanced.

[2026-05-15 00:23:31 #5 type.registry] 
New type domain.SesionVoto

[2026-05-15 00:23:31 #6 type] 
Type domain.MaestroDeCeremonias is not enhanced.

[2026-05-15 00:23:31 #7 type.registry] 
New type domain.Conclave

[2026-05-15 00:23:31 #8 type] 
Type domain.SesionVoto is not enhanced.

[2026-05-15 00:23:31 #9 type.registry] 
New type domain.Cardenal

[2026-05-15 00:23:31 #10 type.registry] 
New type domain.CardenalElector

[2026-05-15 00:23:31 #11 type] 
Type domain.Conclave is not enhanced.

[2026-05-15 00:23:31 #12 type.registry] 
New type domain.Papa

[2026-05-15 00:23:31 #13 type] 
Type domain.Cardenal is not enhanced.

[2026-05-15 00:23:31 #14 type] 
Type domain.CardenalElector is not enhanced.

[2026-05-15 00:23:31 #15 type] 
Type domain.Papa is not enhanced.

[2026-05-15 00:23:32 #16 type.registry] 
New type java.util.HashSet<java.lang.Object>

[2026-05-15 00:23:32 #17 type.registry] 
New type java.util.HashSet<domain.Persona>

[2026-05-15 00:23:32 #18 type.registry] 
New type java.util.HashSet<domain.CardenalElector>

[2026-05-15 00:23:32 #19 type.registry] 
New type java.util.ArrayList<java.lang.Object>

[2026-05-15 00:23:32 #20 type.registry] 
New type java.util.ArrayList<domain.CardenalElector>

[2026-05-15 00:23:32 #21 type.registry] 
New type java.util.ArrayList<domain.SesionVoto>

[2026-05-15 00:23:32 #22 store] 
Database 'C:\Users\jla\git\conclave2.0\Market26\src\main\resources\conclaveDB.temp' is closed by 8956@DESKTOP-QMJV9R8

------------------------------------------------------------------------------------------------------------------------

[2026-05-15 15:57:22 #1 store] 
Database 'C:\Users\jla\git\conclave2.0\Market26\src\main\resources\conclaveDB.temp' is opened by 8324@DESKTOP-QMJV9R8

[2026-05-15 15:57:23 #2 type.registry] 
New type domain.Persona

[2026-05-15 15:57:23 #3 type.registry] 
New type domain.MaestroDeCeremonias

[2026-05-15 15:57:23 #4 type] 
Type domain.Persona is not enhanced.

[2026-05-15 15:57:23 #5 type.registry] 
New type domain.SesionVoto

[2026-05-15 15:57:23 #6 type] 
Type domain.MaestroDeCeremonias is not enhanced.

[2026-05-15 15:57:23 #7 type.registry] 
New type domain.Conclave

[2026-05-15 15:57:23 #8 type] 
Type domain.SesionVoto is not enhanced.

[2026-05-15 15:57:23 #9 type.registry] 
New type domain.Cardenal

[2026-05-15 15:57:23 #10 type.registry] 
New type domain.CardenalElector

[2026-05-15 15:57:23 #11 type] 
Type domain.Conclave is not enhanced.

[2026-05-15 15:57:23 #12 type.registry] 
New type domain.Papa

[2026-05-15 15:57:23 #13 type] 
Type domain.Cardenal is not enhanced.

[2026-05-15 15:57:23 #14 type] 
Type domain.CardenalElector is not enhanced.

[2026-05-15 15:57:23 #15 type] 
Type domain.Papa is not enhanced.

[2026-05-15 15:57:23 #16 type.registry] 
New type java.util.HashSet<java.lang.Object>

[2026-05-15 15:57:23 #17 type.registry] 
New type java.util.HashSet<domain.Persona>

[2026-05-15 15:57:23 #18 type.registry] 
New type java.util.HashSet<domain.CardenalElector>

[2026-05-15 15:57:23 #19 type.registry] 
New type java.util.ArrayList<java.lang.Object>

[2026-05-15 15:57:23 #20 type.registry] 
New type java.util.ArrayList<domain.CardenalElector>

[2026-05-15 15:57:23 #21 type.registry] 
New type java.util.ArrayList<domain.SesionVoto>

[2026-05-15 15:57:26 #22 type.registry] 
New type com.objectdb.o.LMT

[2026-05-15 15:57:26 #23 type.registry] 
New type com.objectdb.o.VAL

[2026-05-15 15:57:26 #24 type.registry] 
New type com.objectdb.o.RFV

[2026-05-15 15:57:26 #25 type.registry] 
New type java.util.HashSet<domain.SesionVoto>

[2026-05-15 15:57:26 #26 type.registry] 
New type java.util.ArrayList<domain.Conclave>

------------------------------------------------------------------------------------------------------------------------

[2026-05-15 16:03:28 #1 store] 
Database 'C:\Users\jla\git\conclave2.0\Market26\src\main\resources\conclaveDB.temp' is opened by 7148@DESKTOP-QMJV9R8

------------------------------------------------------------------------------------------------------------------------

[2026-05-15 16:03:55 #1 store] 
Database 'C:\Users\jla\git\conclave2.0\Market26\src\main\resources\conclaveDB.temp' is opened by 1100@DESKTOP-QMJV9R8

[2026-05-15 16:03:55 #2 type.registry] 
New type domain.Persona

[2026-05-15 16:03:55 #3 type.registry] 
New type domain.MaestroDeCeremonias

[2026-05-15 16:03:55 #4 type] 
Type domain.Persona is not enhanced.

[2026-05-15 16:03:55 #5 type.registry] 
New type domain.SesionVoto

[2026-05-15 16:03:55 #6 type] 
Type domain.MaestroDeCeremonias is not enhanced.

[2026-05-15 16:03:55 #7 type.registry] 
New type domain.Conclave

[2026-05-15 16:03:55 #8 type] 
Type domain.SesionVoto is not enhanced.

[2026-05-15 16:03:55 #9 type.registry] 
New type domain.Cardenal

[2026-05-15 16:03:55 #10 type.registry] 
New type domain.CardenalElector

[2026-05-15 16:03:55 #11 type] 
Type domain.Conclave is not enhanced.

[2026-05-15 16:03:55 #12 type.registry] 
New type domain.Papa

[2026-05-15 16:03:55 #13 type] 
Type domain.Cardenal is not enhanced.

[2026-05-15 16:03:55 #14 type] 
Type domain.CardenalElector is not enhanced.

[2026-05-15 16:03:55 #15 type] 
Type domain.Papa is not enhanced.

[2026-05-15 16:03:55 #16 type.registry] 
New type java.util.HashSet<java.lang.Object>

[2026-05-15 16:03:55 #17 type.registry] 
New type java.util.HashSet<domain.Persona>

[2026-05-15 16:03:55 #18 type.registry] 
New type java.util.HashSet<domain.CardenalElector>

[2026-05-15 16:03:55 #19 type.registry] 
New type java.util.ArrayList<java.lang.Object>

[2026-05-15 16:03:55 #20 type.registry] 
New type java.util.ArrayList<domain.CardenalElector>

[2026-05-15 16:03:55 #21 type.registry] 
New type java.util.ArrayList<domain.SesionVoto>

[2026-05-15 16:03:55 #22 store] 
Database 'C:\Users\jla\git\conclave2.0\Market26\src\main\resources\conclaveDB.temp' is closed by 1100@DESKTOP-QMJV9R8

------------------------------------------------------------------------------------------------------------------------

[2026-05-15 16:07:32 #1 store] 
Database 'C:\Users\jla\git\conclave2.0\Market26\src\main\resources\conclaveDB.temp' is opened by 9004@DESKTOP-QMJV9R8

[2026-05-15 16:07:32 #2 type.registry] 
New type domain.Persona

[2026-05-15 16:07:32 #3 type.registry] 
New type domain.MaestroDeCeremonias

[2026-05-15 16:07:32 #4 type] 
Type domain.Persona is not enhanced.

[2026-05-15 16:07:32 #5 type.registry] 
New type domain.SesionVoto

[2026-05-15 16:07:32 #6 type] 
Type domain.MaestroDeCeremonias is not enhanced.

[2026-05-15 16:07:32 #7 type.registry] 
New type domain.Conclave

[2026-05-15 16:07:32 #8 type] 
Type domain.SesionVoto is not enhanced.

[2026-05-15 16:07:32 #9 type.registry] 
New type domain.Cardenal

[2026-05-15 16:07:32 #10 type.registry] 
New type domain.CardenalElector

[2026-05-15 16:07:32 #11 type] 
Type domain.Conclave is not enhanced.

[2026-05-15 16:07:32 #12 type.registry] 
New type domain.Papa

[2026-05-15 16:07:32 #13 type] 
Type domain.Cardenal is not enhanced.

[2026-05-15 16:07:32 #14 type] 
Type domain.CardenalElector is not enhanced.

[2026-05-15 16:07:32 #15 type] 
Type domain.Papa is not enhanced.

[2026-05-15 16:07:32 #16 type.registry] 
New type java.util.HashSet<java.lang.Object>

[2026-05-15 16:07:32 #17 type.registry] 
New type java.util.HashSet<domain.Persona>

[2026-05-15 16:07:32 #18 type.registry] 
New type java.util.HashSet<domain.CardenalElector>

[2026-05-15 16:07:32 #19 type.registry] 
New type java.util.ArrayList<java.lang.Object>

[2026-05-15 16:07:32 #20 type.registry] 
New type java.util.ArrayList<domain.CardenalElector>

[2026-05-15 16:07:32 #21 type.registry] 
New type java.util.ArrayList<domain.SesionVoto>

[2026-05-15 16:07:32 #22 store] 
Database 'C:\Users\jla\git\conclave2.0\Market26\src\main\resources\conclaveDB.temp' is closed by 9004@DESKTOP-QMJV9R8

------------------------------------------------------------------------------------------------------------------------

[2026-05-15 16:07:48 #1 store] 
Database 'C:\Users\jla\git\conclave2.0\Market26\src\main\resources\conclaveDB.temp' is opened by 1820@DESKTOP-QMJV9R8

[2026-05-15 16:07:48 #2 type.registry] 
New type domain.Persona

[2026-05-15 16:07:48 #3 type.registry] 
New type domain.MaestroDeCeremonias

[2026-05-15 16:07:48 #4 type] 
Type domain.Persona is not enhanced.

[2026-05-15 16:07:48 #5 type.registry] 
New type domain.SesionVoto

[2026-05-15 16:07:48 #6 type] 
Type domain.MaestroDeCeremonias is not enhanced.

[2026-05-15 16:07:48 #7 type.registry] 
New type domain.Conclave

[2026-05-15 16:07:48 #8 type] 
Type domain.SesionVoto is not enhanced.

[2026-05-15 16:07:48 #9 type.registry] 
New type domain.Cardenal

[2026-05-15 16:07:48 #10 type.registry] 
New type domain.CardenalElector

[2026-05-15 16:07:48 #11 type] 
Type domain.Conclave is not enhanced.

[2026-05-15 16:07:48 #12 type.registry] 
New type domain.Papa

[2026-05-15 16:07:48 #13 type] 
Type domain.Cardenal is not enhanced.

[2026-05-15 16:07:48 #14 type] 
Type domain.CardenalElector is not enhanced.

[2026-05-15 16:07:48 #15 type] 
Type domain.Papa is not enhanced.

[2026-05-15 16:07:48 #16 type.registry] 
New type java.util.HashSet<java.lang.Object>

[2026-05-15 16:07:48 #17 type.registry] 
New type java.util.HashSet<domain.Persona>

[2026-05-15 16:07:48 #18 type.registry] 
New type java.util.HashSet<domain.CardenalElector>

[2026-05-15 16:07:48 #19 type.registry] 
New type java.util.ArrayList<java.lang.Object>

[2026-05-15 16:07:48 #20 type.registry] 
New type java.util.ArrayList<domain.CardenalElector>

[2026-05-15 16:07:48 #21 type.registry] 
New type java.util.ArrayList<domain.SesionVoto>

[2026-05-15 16:07:51 #22 type.registry] 
New type com.objectdb.o.LMT

[2026-05-15 16:07:51 #23 type.registry] 
New type com.objectdb.o.VAL

[2026-05-15 16:07:51 #24 type.registry] 
New type com.objectdb.o.RFV

[2026-05-15 16:07:51 #25 type.registry] 
New type java.util.HashSet<domain.SesionVoto>

[2026-05-15 16:07:51 #26 type.registry] 
New type java.util.ArrayList<domain.Conclave>

------------------------------------------------------------------------------------------------------------------------

[2026-05-15 16:08:24 #1 store] 
Database 'C:\Users\jla\git\conclave2.0\Market26\src\main\resources\conclaveDB.temp' is opened by 2068@DESKTOP-QMJV9R8

[2026-05-15 16:08:24 #2 type.registry] 
New type domain.Persona

[2026-05-15 16:08:24 #3 type.registry] 
New type domain.MaestroDeCeremonias

[2026-05-15 16:08:24 #4 type] 
Type domain.Persona is not enhanced.

[2026-05-15 16:08:24 #5 type.registry] 
New type domain.SesionVoto

[2026-05-15 16:08:24 #6 type] 
Type domain.MaestroDeCeremonias is not enhanced.

[2026-05-15 16:08:24 #7 type.registry] 
New type domain.Conclave

[2026-05-15 16:08:24 #8 type] 
Type domain.SesionVoto is not enhanced.

[2026-05-15 16:08:24 #9 type.registry] 
New type domain.Cardenal

[2026-05-15 16:08:24 #10 type.registry] 
New type domain.CardenalElector

[2026-05-15 16:08:24 #11 type] 
Type domain.Conclave is not enhanced.

[2026-05-15 16:08:24 #12 type.registry] 
New type domain.Papa

[2026-05-15 16:08:24 #13 type] 
Type domain.Cardenal is not enhanced.

[2026-05-15 16:08:24 #14 type] 
Type domain.CardenalElector is not enhanced.

[2026-05-15 16:08:24 #15 type] 
Type domain.Papa is not enhanced.

[2026-05-15 16:08:24 #16 type.registry] 
New type java.util.HashSet<java.lang.Object>

[2026-05-15 16:08:24 #17 type.registry] 
New type java.util.HashSet<domain.Persona>

[2026-05-15 16:08:24 #18 type.registry] 
New type java.util.HashSet<domain.CardenalElector>

[2026-05-15 16:08:24 #19 type.registry] 
New type java.util.ArrayList<java.lang.Object>

[2026-05-15 16:08:24 #20 type.registry] 
New type java.util.ArrayList<domain.CardenalElector>

[2026-05-15 16:08:24 #21 type.registry] 
New type java.util.ArrayList<domain.SesionVoto>

------------------------------------------------------------------------------------------------------------------------

[2026-05-15 16:13:42 #1 store] 
Database 'C:\Users\jla\git\conclave2.0\Market26\src\main\resources\conclaveDB.temp' is opened by 6068@DESKTOP-QMJV9R8

[2026-05-15 16:13:43 #2 type.registry] 
New type domain.Persona

[2026-05-15 16:13:43 #3 type.registry] 
New type domain.MaestroDeCeremonias

[2026-05-15 16:13:43 #4 type] 
Type domain.Persona is not enhanced.

[2026-05-15 16:13:43 #5 type.registry] 
New type domain.SesionVoto

[2026-05-15 16:13:43 #6 type] 
Type domain.MaestroDeCeremonias is not enhanced.

[2026-05-15 16:13:43 #7 type.registry] 
New type domain.Conclave

[2026-05-15 16:13:43 #8 type] 
Type domain.SesionVoto is not enhanced.

[2026-05-15 16:13:43 #9 type.registry] 
New type domain.Cardenal

[2026-05-15 16:13:43 #10 type.registry] 
New type domain.CardenalElector

[2026-05-15 16:13:43 #11 type] 
Type domain.Conclave is not enhanced.

[2026-05-15 16:13:43 #12 type.registry] 
New type domain.Papa

[2026-05-15 16:13:43 #13 type] 
Type domain.Cardenal is not enhanced.

[2026-05-15 16:13:43 #14 type] 
Type domain.CardenalElector is not enhanced.

[2026-05-15 16:13:43 #15 type] 
Type domain.Papa is not enhanced.

[2026-05-15 16:13:43 #16 type.registry] 
New type java.util.HashSet<java.lang.Object>

[2026-05-15 16:13:43 #17 type.registry] 
New type java.util.HashSet<domain.Persona>

[2026-05-15 16:13:43 #18 type.registry] 
New type java.util.HashSet<domain.CardenalElector>

[2026-05-15 16:13:43 #19 type.registry] 
New type java.util.ArrayList<java.lang.Object>

[2026-05-15 16:13:43 #20 type.registry] 
New type java.util.ArrayList<domain.CardenalElector>

[2026-05-15 16:13:43 #21 type.registry] 
New type java.util.ArrayList<domain.SesionVoto>

[2026-05-15 16:13:44 #22 type.registry] 
New type com.objectdb.o.LMT

[2026-05-15 16:13:44 #23 type.registry] 
New type com.objectdb.o.VAL

[2026-05-15 16:13:44 #24 type.registry] 
New type com.objectdb.o.RFV

[2026-05-15 16:13:44 #25 type.registry] 
New type java.util.HashSet<domain.SesionVoto>

[2026-05-15 16:13:44 #26 type.registry] 
New type java.util.ArrayList<domain.Conclave>

------------------------------------------------------------------------------------------------------------------------

[2026-05-15 16:26:32 #1 store] 
Database 'C:\Users\jla\git\conclave2.0\Market26\src\main\resources\conclaveDB.temp' is opened by 10888@DESKTOP-QMJV9R8

[2026-05-15 16:26:33 #2 type.registry] 
New type domain.Persona

[2026-05-15 16:26:33 #3 type.registry] 
New type domain.MaestroDeCeremonias

[2026-05-15 16:26:33 #4 type] 
Type domain.Persona is not enhanced.

[2026-05-15 16:26:33 #5 type.registry] 
New type domain.SesionVoto

[2026-05-15 16:26:33 #6 type] 
Type domain.MaestroDeCeremonias is not enhanced.

[2026-05-15 16:26:33 #7 type.registry] 
New type domain.Conclave

[2026-05-15 16:26:33 #8 type] 
Type domain.SesionVoto is not enhanced.

[2026-05-15 16:26:33 #9 type.registry] 
New type domain.Cardenal

[2026-05-15 16:26:33 #10 type.registry] 
New type domain.CardenalElector

[2026-05-15 16:26:33 #11 type] 
Type domain.Conclave is not enhanced.

[2026-05-15 16:26:33 #12 type.registry] 
New type domain.Papa

[2026-05-15 16:26:33 #13 type] 
Type domain.Cardenal is not enhanced.

[2026-05-15 16:26:33 #14 type] 
Type domain.CardenalElector is not enhanced.

[2026-05-15 16:26:33 #15 type] 
Type domain.Papa is not enhanced.

[2026-05-15 16:26:33 #16 type.registry] 
New type java.util.HashSet<java.lang.Object>

[2026-05-15 16:26:33 #17 type.registry] 
New type java.util.HashSet<domain.Persona>

[2026-05-15 16:26:33 #18 type.registry] 
New type java.util.HashSet<domain.CardenalElector>

[2026-05-15 16:26:33 #19 type.registry] 
New type java.util.ArrayList<java.lang.Object>

[2026-05-15 16:26:33 #20 type.registry] 
New type java.util.ArrayList<domain.CardenalElector>

[2026-05-15 16:26:33 #21 type.registry] 
New type java.util.ArrayList<domain.SesionVoto>

[2026-05-15 16:26:33 #22 store] 
Database 'C:\Users\jla\git\conclave2.0\Market26\src\main\resources\conclaveDB.temp' is closed by 10888@DESKTOP-QMJV9R8

------------------------------------------------------------------------------------------------------------------------

[2026-05-15 16:26:38 #1 store] 
Database 'C:\Users\jla\git\conclave2.0\Market26\src\main\resources\conclaveDB.temp' is opened by 1388@DESKTOP-QMJV9R8

[2026-05-15 16:26:38 #2 type.registry] 
New type domain.Persona

[2026-05-15 16:26:38 #3 type.registry] 
New type domain.MaestroDeCeremonias

[2026-05-15 16:26:38 #4 type] 
Type domain.Persona is not enhanced.

[2026-05-15 16:26:38 #5 type.registry] 
New type domain.SesionVoto

[2026-05-15 16:26:38 #6 type] 
Type domain.MaestroDeCeremonias is not enhanced.

[2026-05-15 16:26:38 #7 type.registry] 
New type domain.Conclave

[2026-05-15 16:26:38 #8 type] 
Type domain.SesionVoto is not enhanced.

[2026-05-15 16:26:38 #9 type.registry] 
New type domain.Cardenal

[2026-05-15 16:26:38 #10 type.registry] 
New type domain.CardenalElector

[2026-05-15 16:26:38 #11 type] 
Type domain.Conclave is not enhanced.

[2026-05-15 16:26:38 #12 type.registry] 
New type domain.Papa

[2026-05-15 16:26:38 #13 type] 
Type domain.Cardenal is not enhanced.

[2026-05-15 16:26:38 #14 type] 
Type domain.CardenalElector is not enhanced.

[2026-05-15 16:26:38 #15 type] 
Type domain.Papa is not enhanced.

[2026-05-15 16:26:38 #16 type.registry] 
New type java.util.HashSet<java.lang.Object>

[2026-05-15 16:26:38 #17 type.registry] 
New type java.util.HashSet<domain.Persona>

[2026-05-15 16:26:38 #18 type.registry] 
New type java.util.HashSet<domain.CardenalElector>

[2026-05-15 16:26:38 #19 type.registry] 
New type java.util.ArrayList<java.lang.Object>

[2026-05-15 16:26:38 #20 type.registry] 
New type java.util.ArrayList<domain.CardenalElector>

[2026-05-15 16:26:38 #21 type.registry] 
New type java.util.ArrayList<domain.SesionVoto>

[2026-05-15 16:26:39 #22 type.registry] 
New type com.objectdb.o.LMT

[2026-05-15 16:26:39 #23 type.registry] 
New type com.objectdb.o.VAL

[2026-05-15 16:26:39 #24 type.registry] 
New type com.objectdb.o.RFV

[2026-05-15 16:26:39 #25 type.registry] 
New type java.util.HashSet<domain.SesionVoto>

[2026-05-15 16:26:39 #26 type.registry] 
New type java.util.ArrayList<domain.Conclave>

------------------------------------------------------------------------------------------------------------------------

[2026-05-15 16:28:21 #1 store] 
Database 'C:\Users\jla\git\conclave2.0\Market26\src\main\resources\conclaveDB.temp' is opened by 2660@DESKTOP-QMJV9R8

[2026-05-15 16:28:21 #2 type.registry] 
New type domain.Persona

[2026-05-15 16:28:21 #3 type.registry] 
New type domain.MaestroDeCeremonias

[2026-05-15 16:28:21 #4 type] 
Type domain.Persona is not enhanced.

[2026-05-15 16:28:21 #5 type.registry] 
New type domain.SesionVoto

[2026-05-15 16:28:21 #6 type] 
Type domain.MaestroDeCeremonias is not enhanced.

[2026-05-15 16:28:21 #7 type.registry] 
New type domain.Conclave

[2026-05-15 16:28:21 #8 type] 
Type domain.SesionVoto is not enhanced.

[2026-05-15 16:28:21 #9 type.registry] 
New type domain.Cardenal

[2026-05-15 16:28:21 #10 type.registry] 
New type domain.CardenalElector

[2026-05-15 16:28:21 #11 type] 
Type domain.Conclave is not enhanced.

[2026-05-15 16:28:21 #12 type.registry] 
New type domain.Papa

[2026-05-15 16:28:21 #13 type] 
Type domain.Cardenal is not enhanced.

[2026-05-15 16:28:21 #14 type] 
Type domain.CardenalElector is not enhanced.

[2026-05-15 16:28:21 #15 type] 
Type domain.Papa is not enhanced.

[2026-05-15 16:28:21 #16 type.registry] 
New type java.util.HashSet<java.lang.Object>

[2026-05-15 16:28:21 #17 type.registry] 
New type java.util.HashSet<domain.Persona>

[2026-05-15 16:28:21 #18 type.registry] 
New type java.util.HashSet<domain.CardenalElector>

[2026-05-15 16:28:21 #19 type.registry] 
New type java.util.ArrayList<java.lang.Object>

[2026-05-15 16:28:21 #20 type.registry] 
New type java.util.ArrayList<domain.CardenalElector>

[2026-05-15 16:28:21 #21 type.registry] 
New type java.util.ArrayList<domain.SesionVoto>

[2026-05-15 16:28:21 #22 type.registry] 
New type com.objectdb.o.LMT

[2026-05-15 16:28:21 #23 type.registry] 
New type com.objectdb.o.VAL

[2026-05-15 16:28:21 #24 type.registry] 
New type com.objectdb.o.RFV

[2026-05-15 16:28:21 #25 type.registry] 
New type java.util.HashSet<domain.SesionVoto>

[2026-05-15 16:28:22 #26 type.registry] 
New type java.util.ArrayList<domain.Conclave>

------------------------------------------------------------------------------------------------------------------------

[2026-05-15 16:29:04 #1 store] 
Database 'C:\Users\jla\git\conclave2.0\Market26\src\main\resources\conclaveDB.temp' has been recovered (tr. 1-13)

[2026-05-15 16:29:04 #2 store] 
Database 'C:\Users\jla\git\conclave2.0\Market26\src\main\resources\conclaveDB.temp' is opened by 1156@DESKTOP-QMJV9R8

[2026-05-15 16:29:04 #3 type] 
Type domain.Persona is not enhanced.

[2026-05-15 16:29:04 #4 type] 
Type domain.MaestroDeCeremonias is not enhanced.

[2026-05-15 16:29:04 #5 type] 
Type domain.SesionVoto is not enhanced.

[2026-05-15 16:29:04 #6 type] 
Type domain.Conclave is not enhanced.

[2026-05-15 16:29:04 #7 type] 
Type domain.Cardenal is not enhanced.

[2026-05-15 16:29:04 #8 type] 
Type domain.CardenalElector is not enhanced.

[2026-05-15 16:29:04 #9 type] 
Type domain.Papa is not enhanced.

------------------------------------------------------------------------------------------------------------------------

[2026-05-15 16:30:15 #1 store] 
Database 'C:\Users\jla\git\conclave2.0\Market26\src\main\resources\conclaveDB.temp' is opened by 4312@DESKTOP-QMJV9R8

[2026-05-15 16:30:15 #2 type.registry] 
New type domain.Persona

[2026-05-15 16:30:15 #3 type.registry] 
New type domain.MaestroDeCeremonias

[2026-05-15 16:30:15 #4 type] 
Type domain.Persona is not enhanced.

[2026-05-15 16:30:15 #5 type.registry] 
New type domain.SesionVoto

[2026-05-15 16:30:15 #6 type] 
Type domain.MaestroDeCeremonias is not enhanced.

[2026-05-15 16:30:15 #7 type.registry] 
New type domain.Conclave

[2026-05-15 16:30:15 #8 type] 
Type domain.SesionVoto is not enhanced.

[2026-05-15 16:30:15 #9 type.registry] 
New type domain.Cardenal

[2026-05-15 16:30:15 #10 type.registry] 
New type domain.CardenalElector

[2026-05-15 16:30:15 #11 type] 
Type domain.Conclave is not enhanced.

[2026-05-15 16:30:15 #12 type.registry] 
New type domain.Papa

[2026-05-15 16:30:15 #13 type] 
Type domain.Cardenal is not enhanced.

[2026-05-15 16:30:15 #14 type] 
Type domain.CardenalElector is not enhanced.

[2026-05-15 16:30:15 #15 type] 
Type domain.Papa is not enhanced.

[2026-05-15 16:30:15 #16 type.registry] 
New type java.util.HashSet<java.lang.Object>

[2026-05-15 16:30:15 #17 type.registry] 
New type java.util.HashSet<domain.Persona>

[2026-05-15 16:30:15 #18 type.registry] 
New type java.util.HashSet<domain.CardenalElector>

[2026-05-15 16:30:15 #19 type.registry] 
New type java.util.ArrayList<java.lang.Object>

[2026-05-15 16:30:15 #20 type.registry] 
New type java.util.ArrayList<domain.CardenalElector>

[2026-05-15 16:30:15 #21 type.registry] 
New type java.util.ArrayList<domain.SesionVoto>

[2026-05-15 16:30:15 #22 store] 
Database 'C:\Users\jla\git\conclave2.0\Market26\src\main\resources\conclaveDB.temp' is closed by 4312@DESKTOP-QMJV9R8

------------------------------------------------------------------------------------------------------------------------

[2026-05-15 16:30:21 #1 store] 
Database 'C:\Users\jla\git\conclave2.0\Market26\src\main\resources\conclaveDB.temp' is opened by 8968@DESKTOP-QMJV9R8

[2026-05-15 16:30:21 #2 type] 
Type domain.Persona is not enhanced.

[2026-05-15 16:30:21 #3 type] 
Type domain.MaestroDeCeremonias is not enhanced.

[2026-05-15 16:30:21 #4 type] 
Type domain.SesionVoto is not enhanced.

[2026-05-15 16:30:21 #5 type] 
Type domain.Conclave is not enhanced.

[2026-05-15 16:30:21 #6 type] 
Type domain.Cardenal is not enhanced.

[2026-05-15 16:30:21 #7 type] 
Type domain.CardenalElector is not enhanced.

[2026-05-15 16:30:21 #8 type] 
Type domain.Papa is not enhanced.

[2026-05-15 16:30:22 #9 type.registry] 
New type com.objectdb.o.LMT

[2026-05-15 16:30:22 #10 type.registry] 
New type com.objectdb.o.VAL

[2026-05-15 16:30:22 #11 type.registry] 
New type com.objectdb.o.RFV

[2026-05-15 16:30:22 #12 type.registry] 
New type java.util.HashSet<domain.SesionVoto>

[2026-05-15 16:30:22 #13 type.registry] 
New type java.util.ArrayList<domain.Conclave>

------------------------------------------------------------------------------------------------------------------------

[2026-05-15 16:34:05 #1 store] 
Database 'C:\Users\jla\git\conclave2.0\Market26\src\main\resources\conclaveDB.temp' has been recovered (tr. 11-13)

[2026-05-15 16:34:05 #2 store] 
Database 'C:\Users\jla\git\conclave2.0\Market26\src\main\resources\conclaveDB.temp' is opened by 7788@DESKTOP-QMJV9R8

[2026-05-15 16:34:05 #3 type] 
Type domain.Persona is not enhanced.

[2026-05-15 16:34:05 #4 type] 
Type domain.MaestroDeCeremonias is not enhanced.

[2026-05-15 16:34:05 #5 type] 
Type domain.SesionVoto is not enhanced.

[2026-05-15 16:34:05 #6 type] 
Type domain.Conclave is not enhanced.

[2026-05-15 16:34:05 #7 type] 
Type domain.Cardenal is not enhanced.

[2026-05-15 16:34:05 #8 type] 
Type domain.CardenalElector is not enhanced.

[2026-05-15 16:34:05 #9 type] 
Type domain.Papa is not enhanced.

------------------------------------------------------------------------------------------------------------------------

[2026-05-15 16:43:36 #1 store] 
Database 'C:\Users\jla\git\conclave2.0\Market26\src\main\resources\conclaveDB.temp' is opened by 3352@DESKTOP-QMJV9R8

[2026-05-15 16:43:36 #2 type.registry] 
New type domain.Persona

[2026-05-15 16:43:36 #3 type.registry] 
New type domain.MaestroDeCeremonias

[2026-05-15 16:43:36 #4 type] 
Type domain.Persona is not enhanced.

[2026-05-15 16:43:36 #5 type.registry] 
New type domain.SesionVoto

[2026-05-15 16:43:36 #6 type] 
Type domain.MaestroDeCeremonias is not enhanced.

[2026-05-15 16:43:36 #7 type.registry] 
New type domain.Conclave

[2026-05-15 16:43:36 #8 type] 
Type domain.SesionVoto is not enhanced.

[2026-05-15 16:43:36 #9 type.registry] 
New type domain.Cardenal

[2026-05-15 16:43:36 #10 type.registry] 
New type domain.CardenalElector

[2026-05-15 16:43:36 #11 type] 
Type domain.Conclave is not enhanced.

[2026-05-15 16:43:36 #12 type.registry] 
New type domain.Papa

[2026-05-15 16:43:36 #13 type] 
Type domain.Cardenal is not enhanced.

[2026-05-15 16:43:36 #14 type] 
Type domain.CardenalElector is not enhanced.

[2026-05-15 16:43:36 #15 type] 
Type domain.Papa is not enhanced.

[2026-05-15 16:43:36 #16 type.registry] 
New type java.util.HashSet<java.lang.Object>

[2026-05-15 16:43:36 #17 type.registry] 
New type java.util.HashSet<domain.Persona>

[2026-05-15 16:43:36 #18 type.registry] 
New type java.util.HashSet<domain.CardenalElector>

[2026-05-15 16:43:36 #19 type.registry] 
New type java.util.ArrayList<java.lang.Object>

[2026-05-15 16:43:36 #20 type.registry] 
New type java.util.ArrayList<domain.CardenalElector>

[2026-05-15 16:43:36 #21 type.registry] 
New type java.util.ArrayList<domain.SesionVoto>

[2026-05-15 16:43:36 #22 store] 
Database 'C:\Users\jla\git\conclave2.0\Market26\src\main\resources\conclaveDB.temp' is closed by 3352@DESKTOP-QMJV9R8

------------------------------------------------------------------------------------------------------------------------

[2026-05-15 16:44:09 #1 store] 
Database 'C:\Users\jla\git\conclave2.0\Market26\src\main\resources\conclaveDB.temp' is opened by 6100@DESKTOP-QMJV9R8

[2026-05-15 16:44:09 #2 type] 
Type domain.Persona is not enhanced.

[2026-05-15 16:44:09 #3 type] 
Type domain.MaestroDeCeremonias is not enhanced.

[2026-05-15 16:44:09 #4 type] 
Type domain.SesionVoto is not enhanced.

[2026-05-15 16:44:09 #5 type] 
Type domain.Conclave is not enhanced.

[2026-05-15 16:44:09 #6 type] 
Type domain.Cardenal is not enhanced.

[2026-05-15 16:44:09 #7 type] 
Type domain.CardenalElector is not enhanced.

[2026-05-15 16:44:09 #8 type] 
Type domain.Papa is not enhanced.

[2026-05-15 16:44:10 #9 type.registry] 
New type java.util.HashSet<domain.SesionVoto>

[2026-05-15 16:44:10 #10 type.registry] 
New type java.util.ArrayList<domain.Conclave>

------------------------------------------------------------------------------------------------------------------------

[2026-05-15 16:48:58 #1 store] 
Database 'C:\Users\jla\git\conclave2.0\Market26\src\main\resources\conclaveDB.temp' is opened by 1324@DESKTOP-QMJV9R8

[2026-05-15 16:48:58 #2 type.registry] 
New type domain.Persona

[2026-05-15 16:48:58 #3 type.registry] 
New type domain.MaestroDeCeremonias

[2026-05-15 16:48:58 #4 type] 
Type domain.Persona is not enhanced.

[2026-05-15 16:48:58 #5 type.registry] 
New type domain.SesionVoto

[2026-05-15 16:48:58 #6 type] 
Type domain.MaestroDeCeremonias is not enhanced.

[2026-05-15 16:48:58 #7 type.registry] 
New type domain.Conclave

[2026-05-15 16:48:58 #8 type] 
Type domain.SesionVoto is not enhanced.

[2026-05-15 16:48:58 #9 type.registry] 
New type domain.Cardenal

[2026-05-15 16:48:58 #10 type.registry] 
New type domain.CardenalElector

[2026-05-15 16:48:58 #11 type] 
Type domain.Conclave is not enhanced.

[2026-05-15 16:48:58 #12 type.registry] 
New type domain.Papa

[2026-05-15 16:48:58 #13 type] 
Type domain.Cardenal is not enhanced.

[2026-05-15 16:48:58 #14 type] 
Type domain.CardenalElector is not enhanced.

[2026-05-15 16:48:58 #15 type] 
Type domain.Papa is not enhanced.

[2026-05-15 16:48:58 #16 type.registry] 
New type java.util.HashSet<java.lang.Object>

[2026-05-15 16:48:58 #17 type.registry] 
New type java.util.HashSet<domain.Persona>

[2026-05-15 16:48:58 #18 type.registry] 
New type java.util.HashSet<domain.CardenalElector>

[2026-05-15 16:48:58 #19 type.registry] 
New type java.util.ArrayList<java.lang.Object>

[2026-05-15 16:48:58 #20 type.registry] 
New type java.util.ArrayList<domain.CardenalElector>

[2026-05-15 16:48:58 #21 type.registry] 
New type java.util.ArrayList<domain.SesionVoto>

[2026-05-15 16:48:58 #22 store] 
Database 'C:\Users\jla\git\conclave2.0\Market26\src\main\resources\conclaveDB.temp' is closed by 1324@DESKTOP-QMJV9R8

------------------------------------------------------------------------------------------------------------------------

[2026-05-15 16:49:05 #1 store] 
Database 'C:\Users\jla\git\conclave2.0\Market26\src\main\resources\conclaveDB.temp' is opened by 4624@DESKTOP-QMJV9R8

[2026-05-15 16:49:05 #2 type] 
Type domain.Persona is not enhanced.

[2026-05-15 16:49:05 #3 type] 
Type domain.MaestroDeCeremonias is not enhanced.

[2026-05-15 16:49:05 #4 type] 
Type domain.SesionVoto is not enhanced.

[2026-05-15 16:49:05 #5 type] 
Type domain.Conclave is not enhanced.

[2026-05-15 16:49:05 #6 type] 
Type domain.Cardenal is not enhanced.

[2026-05-15 16:49:05 #7 type] 
Type domain.CardenalElector is not enhanced.

[2026-05-15 16:49:05 #8 type] 
Type domain.Papa is not enhanced.

[2026-05-15 16:49:06 #9 type.registry] 
New type com.objectdb.o.LMT

[2026-05-15 16:49:06 #10 type.registry] 
New type com.objectdb.o.VAL

[2026-05-15 16:49:06 #11 type.registry] 
New type com.objectdb.o.RFV

[2026-05-15 16:49:06 #12 type.registry] 
New type java.util.HashSet<domain.SesionVoto>

[2026-05-15 16:49:06 #13 type.registry] 
New type java.util.ArrayList<domain.Conclave>

------------------------------------------------------------------------------------------------------------------------

[2026-05-15 16:51:38 #1 store] 
Database 'C:\Users\jla\git\conclave2.0\Market26\src\main\resources\conclaveDB.temp' is opened by 9064@DESKTOP-QMJV9R8

[2026-05-15 16:51:38 #2 type.registry] 
New type domain.Persona

[2026-05-15 16:51:38 #3 type.registry] 
New type domain.MaestroDeCeremonias

[2026-05-15 16:51:38 #4 type] 
Type domain.Persona is not enhanced.

[2026-05-15 16:51:38 #5 type.registry] 
New type domain.SesionVoto

[2026-05-15 16:51:38 #6 type] 
Type domain.MaestroDeCeremonias is not enhanced.

[2026-05-15 16:51:38 #7 type.registry] 
New type domain.Conclave

[2026-05-15 16:51:38 #8 type] 
Type domain.SesionVoto is not enhanced.

[2026-05-15 16:51:38 #9 type.registry] 
New type domain.Cardenal

[2026-05-15 16:51:38 #10 type.registry] 
New type domain.CardenalElector

[2026-05-15 16:51:38 #11 type] 
Type domain.Conclave is not enhanced.

[2026-05-15 16:51:38 #12 type.registry] 
New type domain.Papa

[2026-05-15 16:51:38 #13 type] 
Type domain.Cardenal is not enhanced.

[2026-05-15 16:51:38 #14 type] 
Type domain.CardenalElector is not enhanced.

[2026-05-15 16:51:38 #15 type] 
Type domain.Papa is not enhanced.

[2026-05-15 16:51:38 #16 type.registry] 
New type java.util.HashSet<java.lang.Object>

[2026-05-15 16:51:38 #17 type.registry] 
New type java.util.HashSet<domain.Persona>

[2026-05-15 16:51:38 #18 type.registry] 
New type java.util.HashSet<domain.CardenalElector>

[2026-05-15 16:51:38 #19 type.registry] 
New type java.util.ArrayList<java.lang.Object>

[2026-05-15 16:51:38 #20 type.registry] 
New type java.util.ArrayList<domain.CardenalElector>

[2026-05-15 16:51:38 #21 type.registry] 
New type java.util.ArrayList<domain.SesionVoto>

[2026-05-15 16:51:38 #22 store] 
Database 'C:\Users\jla\git\conclave2.0\Market26\src\main\resources\conclaveDB.temp' is closed by 9064@DESKTOP-QMJV9R8

------------------------------------------------------------------------------------------------------------------------

[2026-05-15 16:53:15 #1 store] 
Database 'C:\Users\jla\git\conclave2.0\Market26\src\main\resources\conclaveDB.temp' is opened by 2456@DESKTOP-QMJV9R8

[2026-05-15 16:53:15 #2 type.registry] 
New type domain.Persona

[2026-05-15 16:53:15 #3 type.registry] 
New type domain.MaestroDeCeremonias

[2026-05-15 16:53:15 #4 type] 
Type domain.Persona is not enhanced.

[2026-05-15 16:53:15 #5 type.registry] 
New type domain.SesionVoto

[2026-05-15 16:53:15 #6 type] 
Type domain.MaestroDeCeremonias is not enhanced.

[2026-05-15 16:53:15 #7 type.registry] 
New type domain.Conclave

[2026-05-15 16:53:15 #8 type] 
Type domain.SesionVoto is not enhanced.

[2026-05-15 16:53:15 #9 type.registry] 
New type domain.Cardenal

[2026-05-15 16:53:15 #10 type.registry] 
New type domain.CardenalElector

[2026-05-15 16:53:15 #11 type] 
Type domain.Conclave is not enhanced.

[2026-05-15 16:53:15 #12 type.registry] 
New type domain.Papa

[2026-05-15 16:53:15 #13 type] 
Type domain.Cardenal is not enhanced.

[2026-05-15 16:53:15 #14 type] 
Type domain.CardenalElector is not enhanced.

[2026-05-15 16:53:15 #15 type] 
Type domain.Papa is not enhanced.

[2026-05-15 16:53:15 #16 store] 
Database 'C:\Users\jla\git\conclave2.0\Market26\src\main\resources\conclaveDB.temp' is closed by 2456@DESKTOP-QMJV9R8

------------------------------------------------------------------------------------------------------------------------

[2026-05-15 16:53:33 #1 store] 
Database 'C:\Users\jla\git\conclave2.0\Market26\src\main\resources\conclaveDB.temp' is opened by 8068@DESKTOP-QMJV9R8

[2026-05-15 16:53:33 #2 type] 
Type domain.Persona is not enhanced.

[2026-05-15 16:53:33 #3 type] 
Type domain.MaestroDeCeremonias is not enhanced.

[2026-05-15 16:53:33 #4 type] 
Type domain.SesionVoto is not enhanced.

[2026-05-15 16:53:33 #5 type] 
Type domain.Conclave is not enhanced.

[2026-05-15 16:53:33 #6 type] 
Type domain.Cardenal is not enhanced.

[2026-05-15 16:53:33 #7 type] 
Type domain.CardenalElector is not enhanced.

[2026-05-15 16:53:33 #8 type] 
Type domain.Papa is not enhanced.

[2026-05-15 16:53:34 #9 type.registry] 
New type java.util.ArrayList<domain.SesionVoto>

[2026-05-15 16:53:34 #10 type.registry] 
New type java.util.HashSet<domain.SesionVoto>

[2026-05-15 16:53:34 #11 type.registry] 
New type java.util.ArrayList<domain.Conclave>

[2026-05-15 16:53:34 #12 type.registry] 
New type java.util.ArrayList<domain.CardenalElector>

------------------------------------------------------------------------------------------------------------------------

[2026-05-15 16:58:06 #1 store] 
Database 'C:\Users\jla\git\conclave2.0\Market26\src\main\resources\conclaveDB.temp' is opened by 8616@DESKTOP-QMJV9R8

[2026-05-15 16:58:06 #2 type.registry] 
New type domain.Persona

[2026-05-15 16:58:06 #3 type.registry] 
New type domain.MaestroDeCeremonias

[2026-05-15 16:58:06 #4 type] 
Type domain.Persona is not enhanced.

[2026-05-15 16:58:06 #5 type.registry] 
New type domain.SesionVoto

[2026-05-15 16:58:06 #6 type] 
Type domain.MaestroDeCeremonias is not enhanced.

[2026-05-15 16:58:06 #7 type.registry] 
New type domain.Conclave

[2026-05-15 16:58:06 #8 type] 
Type domain.SesionVoto is not enhanced.

[2026-05-15 16:58:06 #9 type.registry] 
New type domain.Cardenal

[2026-05-15 16:58:06 #10 type.registry] 
New type domain.CardenalElector

[2026-05-15 16:58:06 #11 type] 
Type domain.Conclave is not enhanced.

[2026-05-15 16:58:06 #12 type.registry] 
New type domain.Papa

[2026-05-15 16:58:06 #13 type] 
Type domain.Cardenal is not enhanced.

[2026-05-15 16:58:06 #14 type] 
Type domain.CardenalElector is not enhanced.

[2026-05-15 16:58:06 #15 type] 
Type domain.Papa is not enhanced.

[2026-05-15 16:58:06 #16 store] 
Database 'C:\Users\jla\git\conclave2.0\Market26\src\main\resources\conclaveDB.temp' is closed by 8616@DESKTOP-QMJV9R8

------------------------------------------------------------------------------------------------------------------------

[2026-05-15 16:58:12 #1 store] 
Database 'C:\Users\jla\git\conclave2.0\Market26\src\main\resources\conclaveDB.temp' is opened by 9968@DESKTOP-QMJV9R8

[2026-05-15 16:58:12 #2 type] 
Type domain.Persona is not enhanced.

[2026-05-15 16:58:12 #3 type] 
Type domain.MaestroDeCeremonias is not enhanced.

[2026-05-15 16:58:12 #4 type] 
Type domain.SesionVoto is not enhanced.

[2026-05-15 16:58:12 #5 type] 
Type domain.Conclave is not enhanced.

[2026-05-15 16:58:12 #6 type] 
Type domain.Cardenal is not enhanced.

[2026-05-15 16:58:12 #7 type] 
Type domain.CardenalElector is not enhanced.

[2026-05-15 16:58:12 #8 type] 
Type domain.Papa is not enhanced.

[2026-05-15 16:58:12 #9 type.registry] 
New type java.util.ArrayList<java.lang.Object>

[2026-05-15 16:58:12 #10 type.registry] 
New type java.util.ArrayList<domain.SesionVoto>

[2026-05-15 16:58:12 #11 type.registry] 
New type com.objectdb.o.LMT

[2026-05-15 16:58:12 #12 type.registry] 
New type com.objectdb.o.VAL

[2026-05-15 16:58:12 #13 type.registry] 
New type com.objectdb.o.RFV

[2026-05-15 16:58:12 #14 type.registry] 
New type java.util.HashSet<java.lang.Object>

[2026-05-15 16:58:12 #15 type.registry] 
New type java.util.HashSet<domain.SesionVoto>

[2026-05-15 16:58:12 #16 type.registry] 
New type java.util.ArrayList<domain.Conclave>

[2026-05-15 16:58:12 #17 type.registry] 
New type java.util.ArrayList<domain.CardenalElector>

------------------------------------------------------------------------------------------------------------------------

[2026-05-15 16:58:28 #1 store] 
Database 'C:\Users\jla\git\conclave2.0\Market26\src\main\resources\conclaveDB.temp' has been recovered (tr. 5-13)

[2026-05-15 16:58:28 #2 store] 
Database 'C:\Users\jla\git\conclave2.0\Market26\src\main\resources\conclaveDB.temp' is opened by 5804@DESKTOP-QMJV9R8

[2026-05-15 16:58:28 #3 type] 
Type domain.Persona is not enhanced.

[2026-05-15 16:58:28 #4 type] 
Type domain.MaestroDeCeremonias is not enhanced.

[2026-05-15 16:58:28 #5 type] 
Type domain.SesionVoto is not enhanced.

[2026-05-15 16:58:28 #6 type] 
Type domain.Conclave is not enhanced.

[2026-05-15 16:58:28 #7 type] 
Type domain.Cardenal is not enhanced.

[2026-05-15 16:58:28 #8 type] 
Type domain.CardenalElector is not enhanced.

[2026-05-15 16:58:28 #9 type] 
Type domain.Papa is not enhanced.

------------------------------------------------------------------------------------------------------------------------

[2026-05-15 16:58:35 #1 store] 
Database 'C:\Users\jla\git\conclave2.0\Market26\src\main\resources\conclaveDB.temp' is opened by 6212@DESKTOP-QMJV9R8

[2026-05-15 16:58:35 #2 type.registry] 
New type domain.Persona

[2026-05-15 16:58:35 #3 type.registry] 
New type domain.MaestroDeCeremonias

[2026-05-15 16:58:35 #4 type] 
Type domain.Persona is not enhanced.

[2026-05-15 16:58:35 #5 type.registry] 
New type domain.SesionVoto

[2026-05-15 16:58:35 #6 type] 
Type domain.MaestroDeCeremonias is not enhanced.

[2026-05-15 16:58:35 #7 type.registry] 
New type domain.Conclave

[2026-05-15 16:58:35 #8 type] 
Type domain.SesionVoto is not enhanced.

[2026-05-15 16:58:35 #9 type.registry] 
New type domain.Cardenal

[2026-05-15 16:58:35 #10 type.registry] 
New type domain.CardenalElector

[2026-05-15 16:58:35 #11 type] 
Type domain.Conclave is not enhanced.

[2026-05-15 16:58:35 #12 type.registry] 
New type domain.Papa

[2026-05-15 16:58:35 #13 type] 
Type domain.Cardenal is not enhanced.

[2026-05-15 16:58:35 #14 type] 
Type domain.CardenalElector is not enhanced.

[2026-05-15 16:58:35 #15 type] 
Type domain.Papa is not enhanced.

[2026-05-15 16:58:35 #16 store] 
Database 'C:\Users\jla\git\conclave2.0\Market26\src\main\resources\conclaveDB.temp' is closed by 6212@DESKTOP-QMJV9R8

------------------------------------------------------------------------------------------------------------------------

[2026-05-15 16:58:41 #1 store] 
Database 'C:\Users\jla\git\conclave2.0\Market26\src\main\resources\conclaveDB.temp' is opened by 2508@DESKTOP-QMJV9R8

[2026-05-15 16:58:41 #2 type] 
Type domain.Persona is not enhanced.

[2026-05-15 16:58:41 #3 type] 
Type domain.MaestroDeCeremonias is not enhanced.

[2026-05-15 16:58:41 #4 type] 
Type domain.SesionVoto is not enhanced.

[2026-05-15 16:58:41 #5 type] 
Type domain.Conclave is not enhanced.

[2026-05-15 16:58:41 #6 type] 
Type domain.Cardenal is not enhanced.

[2026-05-15 16:58:41 #7 type] 
Type domain.CardenalElector is not enhanced.

[2026-05-15 16:58:41 #8 type] 
Type domain.Papa is not enhanced.

[2026-05-15 16:58:41 #9 type.registry] 
New type java.util.ArrayList<java.lang.Object>

[2026-05-15 16:58:41 #10 type.registry] 
New type java.util.ArrayList<domain.SesionVoto>

[2026-05-15 16:58:41 #11 type.registry] 
New type com.objectdb.o.LMT

[2026-05-15 16:58:41 #12 type.registry] 
New type com.objectdb.o.VAL

[2026-05-15 16:58:41 #13 type.registry] 
New type com.objectdb.o.RFV

[2026-05-15 16:58:41 #14 type.registry] 
New type java.util.HashSet<java.lang.Object>

[2026-05-15 16:58:41 #15 type.registry] 
New type java.util.HashSet<domain.SesionVoto>

[2026-05-15 16:58:41 #16 type.registry] 
New type java.util.ArrayList<domain.Conclave>

[2026-05-15 16:58:41 #17 type.registry] 
New type java.util.ArrayList<domain.CardenalElector>

------------------------------------------------------------------------------------------------------------------------

[2026-05-15 17:07:02 #1 store] 
Database 'C:\Users\jla\git\conclave2.0\Market26\src\main\resources\conclaveDB.temp' is opened by 9288@DESKTOP-QMJV9R8

[2026-05-15 17:07:02 #2 type.registry] 
New type domain.Persona

[2026-05-15 17:07:02 #3 type.registry] 
New type domain.MaestroDeCeremonias

[2026-05-15 17:07:02 #4 type] 
Type domain.Persona is not enhanced.

[2026-05-15 17:07:02 #5 type.registry] 
New type domain.SesionVoto

[2026-05-15 17:07:02 #6 type] 
Type domain.MaestroDeCeremonias is not enhanced.

[2026-05-15 17:07:02 #7 type.registry] 
New type domain.Conclave

[2026-05-15 17:07:02 #8 type] 
Type domain.SesionVoto is not enhanced.

[2026-05-15 17:07:02 #9 type.registry] 
New type domain.Cardenal

[2026-05-15 17:07:02 #10 type.registry] 
New type domain.CardenalElector

[2026-05-15 17:07:02 #11 type] 
Type domain.Conclave is not enhanced.

[2026-05-15 17:07:02 #12 type.registry] 
New type domain.Papa

[2026-05-15 17:07:02 #13 type] 
Type domain.Cardenal is not enhanced.

[2026-05-15 17:07:02 #14 type] 
Type domain.CardenalElector is not enhanced.

[2026-05-15 17:07:02 #15 type] 
Type domain.Papa is not enhanced.

[2026-05-15 17:07:02 #16 store] 
Database 'C:\Users\jla\git\conclave2.0\Market26\src\main\resources\conclaveDB.temp' is closed by 9288@DESKTOP-QMJV9R8

------------------------------------------------------------------------------------------------------------------------

[2026-05-15 17:07:12 #1 store] 
Database 'C:\Users\jla\git\conclave2.0\Market26\src\main\resources\conclaveDB.temp' is opened by 8288@DESKTOP-QMJV9R8

[2026-05-15 17:07:12 #2 type] 
Type domain.Persona is not enhanced.

[2026-05-15 17:07:12 #3 type] 
Type domain.MaestroDeCeremonias is not enhanced.

[2026-05-15 17:07:12 #4 type] 
Type domain.SesionVoto is not enhanced.

[2026-05-15 17:07:12 #5 type] 
Type domain.Conclave is not enhanced.

[2026-05-15 17:07:12 #6 type] 
Type domain.Cardenal is not enhanced.

[2026-05-15 17:07:12 #7 type] 
Type domain.CardenalElector is not enhanced.

[2026-05-15 17:07:12 #8 type] 
Type domain.Papa is not enhanced.

[2026-05-15 17:07:13 #9 type.registry] 
New type java.util.ArrayList<java.lang.Object>

[2026-05-15 17:07:13 #10 type.registry] 
New type java.util.ArrayList<domain.SesionVoto>

[2026-05-15 17:07:13 #11 type.registry] 
New type com.objectdb.o.LMT

[2026-05-15 17:07:13 #12 type.registry] 
New type com.objectdb.o.VAL

[2026-05-15 17:07:13 #13 type.registry] 
New type com.objectdb.o.RFV

[2026-05-15 17:07:13 #14 type.registry] 
New type java.util.HashSet<java.lang.Object>

[2026-05-15 17:07:13 #15 type.registry] 
New type java.util.HashSet<domain.SesionVoto>

[2026-05-15 17:07:13 #16 type.registry] 
New type java.util.ArrayList<domain.Conclave>

[2026-05-15 17:07:13 #17 type.registry] 
New type java.util.ArrayList<domain.CardenalElector>

------------------------------------------------------------------------------------------------------------------------

[2026-05-15 17:13:11 #1 store] 
Database 'C:\Users\jla\git\conclave2.0\Market26\src\main\resources\conclaveDB.temp' is opened by 1572@DESKTOP-QMJV9R8

[2026-05-15 17:13:11 #2 type.registry] 
New type domain.Persona

[2026-05-15 17:13:11 #3 type.registry] 
New type domain.MaestroDeCeremonias

[2026-05-15 17:13:11 #4 type] 
Type domain.Persona is not enhanced.

[2026-05-15 17:13:11 #5 type.registry] 
New type domain.SesionVoto

[2026-05-15 17:13:11 #6 type] 
Type domain.MaestroDeCeremonias is not enhanced.

[2026-05-15 17:13:11 #7 type.registry] 
New type domain.Conclave

[2026-05-15 17:13:11 #8 type] 
Type domain.SesionVoto is not enhanced.

[2026-05-15 17:13:11 #9 type.registry] 
New type domain.Cardenal

[2026-05-15 17:13:11 #10 type.registry] 
New type domain.CardenalElector

[2026-05-15 17:13:11 #11 type] 
Type domain.Conclave is not enhanced.

[2026-05-15 17:13:11 #12 type.registry] 
New type domain.Papa

[2026-05-15 17:13:11 #13 type] 
Type domain.Cardenal is not enhanced.

[2026-05-15 17:13:11 #14 type] 
Type domain.CardenalElector is not enhanced.

[2026-05-15 17:13:11 #15 type] 
Type domain.Papa is not enhanced.

[2026-05-15 17:13:11 #16 store] 
Database 'C:\Users\jla\git\conclave2.0\Market26\src\main\resources\conclaveDB.temp' is closed by 1572@DESKTOP-QMJV9R8

------------------------------------------------------------------------------------------------------------------------

[2026-05-15 17:13:19 #1 store] 
Database 'C:\Users\jla\git\conclave2.0\Market26\src\main\resources\conclaveDB.temp' is opened by 2564@DESKTOP-QMJV9R8

[2026-05-15 17:13:19 #2 type] 
Type domain.Persona is not enhanced.

[2026-05-15 17:13:19 #3 type] 
Type domain.MaestroDeCeremonias is not enhanced.

[2026-05-15 17:13:19 #4 type] 
Type domain.SesionVoto is not enhanced.

[2026-05-15 17:13:19 #5 type] 
Type domain.Conclave is not enhanced.

[2026-05-15 17:13:19 #6 type] 
Type domain.Cardenal is not enhanced.

[2026-05-15 17:13:19 #7 type] 
Type domain.CardenalElector is not enhanced.

[2026-05-15 17:13:19 #8 type] 
Type domain.Papa is not enhanced.

[2026-05-15 17:13:20 #9 type.registry] 
New type java.util.ArrayList<java.lang.Object>

[2026-05-15 17:13:20 #10 type.registry] 
New type java.util.ArrayList<domain.SesionVoto>

[2026-05-15 17:13:20 #11 type.registry] 
New type com.objectdb.o.LMT

[2026-05-15 17:13:20 #12 type.registry] 
New type com.objectdb.o.VAL

[2026-05-15 17:13:20 #13 type.registry] 
New type com.objectdb.o.RFV

[2026-05-15 17:13:20 #14 type.registry] 
New type java.util.HashSet<java.lang.Object>

[2026-05-15 17:13:20 #15 type.registry] 
New type java.util.HashSet<domain.SesionVoto>

[2026-05-15 17:13:20 #16 type.registry] 
New type java.util.ArrayList<domain.Conclave>

[2026-05-15 17:13:20 #17 type.registry] 
New type java.util.ArrayList<domain.CardenalElector>

------------------------------------------------------------------------------------------------------------------------

[2026-05-15 17:14:35 #1 store] 
Database 'C:\Users\jla\git\conclave2.0\Market26\src\main\resources\conclaveDB.temp' has been recovered (tr. 5-13)

[2026-05-15 17:14:35 #2 store] 
Database 'C:\Users\jla\git\conclave2.0\Market26\src\main\resources\conclaveDB.temp' is opened by 3636@DESKTOP-QMJV9R8

[2026-05-15 17:14:35 #3 type] 
Type domain.Persona is not enhanced.

[2026-05-15 17:14:35 #4 type] 
Type domain.MaestroDeCeremonias is not enhanced.

[2026-05-15 17:14:35 #5 type] 
Type domain.SesionVoto is not enhanced.

[2026-05-15 17:14:35 #6 type] 
Type domain.Conclave is not enhanced.

[2026-05-15 17:14:35 #7 type] 
Type domain.Cardenal is not enhanced.

[2026-05-15 17:14:35 #8 type] 
Type domain.CardenalElector is not enhanced.

[2026-05-15 17:14:35 #9 type] 
Type domain.Papa is not enhanced.

------------------------------------------------------------------------------------------------------------------------

[2026-05-15 17:18:10 #1 store] 
Database 'C:\Users\jla\git\conclave2.0\Market26\src\main\resources\conclaveDB.temp' is opened by 8096@DESKTOP-QMJV9R8

[2026-05-15 17:18:10 #2 type.registry] 
New type domain.Persona

[2026-05-15 17:18:10 #3 type.registry] 
New type domain.MaestroDeCeremonias

[2026-05-15 17:18:10 #4 type] 
Type domain.Persona is not enhanced.

[2026-05-15 17:18:10 #5 type.registry] 
New type domain.SesionVoto

[2026-05-15 17:18:10 #6 type] 
Type domain.MaestroDeCeremonias is not enhanced.

[2026-05-15 17:18:10 #7 type.registry] 
New type domain.Conclave

[2026-05-15 17:18:10 #8 type] 
Type domain.SesionVoto is not enhanced.

[2026-05-15 17:18:10 #9 type.registry] 
New type domain.Cardenal

[2026-05-15 17:18:10 #10 type.registry] 
New type domain.CardenalElector

[2026-05-15 17:18:10 #11 type] 
Type domain.Conclave is not enhanced.

[2026-05-15 17:18:10 #12 type.registry] 
New type domain.Papa

[2026-05-15 17:18:10 #13 type] 
Type domain.Cardenal is not enhanced.

[2026-05-15 17:18:10 #14 type] 
Type domain.CardenalElector is not enhanced.

[2026-05-15 17:18:10 #15 type] 
Type domain.Papa is not enhanced.

[2026-05-15 17:18:10 #16 store] 
Database 'C:\Users\jla\git\conclave2.0\Market26\src\main\resources\conclaveDB.temp' is closed by 8096@DESKTOP-QMJV9R8

------------------------------------------------------------------------------------------------------------------------

[2026-05-15 17:18:16 #1 store] 
Database 'C:\Users\jla\git\conclave2.0\Market26\src\main\resources\conclaveDB.temp' is opened by 2348@DESKTOP-QMJV9R8

[2026-05-15 17:18:16 #2 type] 
Type domain.Persona is not enhanced.

[2026-05-15 17:18:16 #3 type] 
Type domain.MaestroDeCeremonias is not enhanced.

[2026-05-15 17:18:16 #4 type] 
Type domain.SesionVoto is not enhanced.

[2026-05-15 17:18:16 #5 type] 
Type domain.Conclave is not enhanced.

[2026-05-15 17:18:16 #6 type] 
Type domain.Cardenal is not enhanced.

[2026-05-15 17:18:16 #7 type] 
Type domain.CardenalElector is not enhanced.

[2026-05-15 17:18:16 #8 type] 
Type domain.Papa is not enhanced.

[2026-05-15 17:18:18 #9 type.registry] 
New type java.util.ArrayList<java.lang.Object>

[2026-05-15 17:18:18 #10 type.registry] 
New type java.util.ArrayList<domain.SesionVoto>

[2026-05-15 17:18:19 #11 type.registry] 
New type com.objectdb.o.LMT

[2026-05-15 17:18:19 #12 type.registry] 
New type com.objectdb.o.VAL

[2026-05-15 17:18:19 #13 type.registry] 
New type com.objectdb.o.RFV

[2026-05-15 17:18:19 #14 type.registry] 
New type java.util.HashSet<java.lang.Object>

[2026-05-15 17:18:19 #15 type.registry] 
New type java.util.HashSet<domain.SesionVoto>

[2026-05-15 17:18:19 #16 type.registry] 
New type java.util.ArrayList<domain.Conclave>

[2026-05-15 17:18:19 #17 type.registry] 
New type java.util.ArrayList<domain.CardenalElector>

------------------------------------------------------------------------------------------------------------------------

[2026-05-15 17:19:02 #1 store] 
Database 'C:\Users\jla\git\conclave2.0\Market26\src\main\resources\conclaveDB.temp' is opened by 11104@DESKTOP-QMJV9R8

[2026-05-15 17:19:02 #2 type.registry] 
New type domain.Persona

[2026-05-15 17:19:02 #3 type.registry] 
New type domain.MaestroDeCeremonias

[2026-05-15 17:19:02 #4 type] 
Type domain.Persona is not enhanced.

[2026-05-15 17:19:02 #5 type.registry] 
New type domain.SesionVoto

[2026-05-15 17:19:02 #6 type] 
Type domain.MaestroDeCeremonias is not enhanced.

[2026-05-15 17:19:02 #7 type.registry] 
New type domain.Conclave

[2026-05-15 17:19:02 #8 type] 
Type domain.SesionVoto is not enhanced.

[2026-05-15 17:19:02 #9 type.registry] 
New type domain.Cardenal

[2026-05-15 17:19:02 #10 type.registry] 
New type domain.CardenalElector

[2026-05-15 17:19:02 #11 type] 
Type domain.Conclave is not enhanced.

[2026-05-15 17:19:02 #12 type.registry] 
New type domain.Papa

[2026-05-15 17:19:02 #13 type] 
Type domain.Cardenal is not enhanced.

[2026-05-15 17:19:02 #14 type] 
Type domain.CardenalElector is not enhanced.

[2026-05-15 17:19:02 #15 type] 
Type domain.Papa is not enhanced.

[2026-05-15 17:19:02 #16 store] 
Database 'C:\Users\jla\git\conclave2.0\Market26\src\main\resources\conclaveDB.temp' is closed by 11104@DESKTOP-QMJV9R8

------------------------------------------------------------------------------------------------------------------------

[2026-05-15 17:19:12 #1 store] 
Database 'C:\Users\jla\git\conclave2.0\Market26\src\main\resources\conclaveDB.temp' is opened by 6808@DESKTOP-QMJV9R8

[2026-05-15 17:19:12 #2 type] 
Type domain.Persona is not enhanced.

[2026-05-15 17:19:12 #3 type] 
Type domain.MaestroDeCeremonias is not enhanced.

[2026-05-15 17:19:12 #4 type] 
Type domain.SesionVoto is not enhanced.

[2026-05-15 17:19:12 #5 type] 
Type domain.Conclave is not enhanced.

[2026-05-15 17:19:12 #6 type] 
Type domain.Cardenal is not enhanced.

[2026-05-15 17:19:12 #7 type] 
Type domain.CardenalElector is not enhanced.

[2026-05-15 17:19:12 #8 type] 
Type domain.Papa is not enhanced.

------------------------------------------------------------------------------------------------------------------------

[2026-05-15 17:24:15 #1 store] 
Database 'C:\Users\jla\git\conclave2.0\Market26\src\main\resources\conclaveDB.temp' is opened by 8844@DESKTOP-QMJV9R8

[2026-05-15 17:24:15 #2 type.registry] 
New type domain.Persona

[2026-05-15 17:24:15 #3 type.registry] 
New type domain.MaestroDeCeremonias

[2026-05-15 17:24:15 #4 type] 
Type domain.Persona is not enhanced.

[2026-05-15 17:24:15 #5 type.registry] 
New type domain.SesionVoto

[2026-05-15 17:24:15 #6 type] 
Type domain.MaestroDeCeremonias is not enhanced.

[2026-05-15 17:24:15 #7 type.registry] 
New type domain.Conclave

[2026-05-15 17:24:15 #8 type] 
Type domain.SesionVoto is not enhanced.

[2026-05-15 17:24:15 #9 type.registry] 
New type domain.Cardenal

[2026-05-15 17:24:15 #10 type.registry] 
New type domain.CardenalElector

[2026-05-15 17:24:15 #11 type] 
Type domain.Conclave is not enhanced.

[2026-05-15 17:24:15 #12 type.registry] 
New type domain.Papa

[2026-05-15 17:24:15 #13 type] 
Type domain.Cardenal is not enhanced.

[2026-05-15 17:24:15 #14 type] 
Type domain.CardenalElector is not enhanced.

[2026-05-15 17:24:15 #15 type] 
Type domain.Papa is not enhanced.

[2026-05-15 17:24:15 #16 store] 
Database 'C:\Users\jla\git\conclave2.0\Market26\src\main\resources\conclaveDB.temp' is closed by 8844@DESKTOP-QMJV9R8

------------------------------------------------------------------------------------------------------------------------

[2026-05-15 17:24:22 #1 store] 
Database 'C:\Users\jla\git\conclave2.0\Market26\src\main\resources\conclaveDB.temp' is opened by 9188@DESKTOP-QMJV9R8

[2026-05-15 17:24:22 #2 type] 
Type domain.Persona is not enhanced.

[2026-05-15 17:24:22 #3 type] 
Type domain.MaestroDeCeremonias is not enhanced.

[2026-05-15 17:24:22 #4 type] 
Type domain.SesionVoto is not enhanced.

[2026-05-15 17:24:22 #5 type] 
Type domain.Conclave is not enhanced.

[2026-05-15 17:24:22 #6 type] 
Type domain.Cardenal is not enhanced.

[2026-05-15 17:24:22 #7 type] 
Type domain.CardenalElector is not enhanced.

[2026-05-15 17:24:22 #8 type] 
Type domain.Papa is not enhanced.

[2026-05-15 17:24:23 #9 type.registry] 
New type java.util.ArrayList<java.lang.Object>

[2026-05-15 17:24:23 #10 type.registry] 
New type java.util.ArrayList<domain.SesionVoto>

[2026-05-15 17:24:23 #11 type.registry] 
New type com.objectdb.o.LMT

[2026-05-15 17:24:23 #12 type.registry] 
New type com.objectdb.o.VAL

[2026-05-15 17:24:23 #13 type.registry] 
New type com.objectdb.o.RFV

[2026-05-15 17:24:23 #14 type.registry] 
New type java.util.HashSet<java.lang.Object>

[2026-05-15 17:24:23 #15 type.registry] 
New type java.util.HashSet<domain.SesionVoto>

[2026-05-15 17:24:23 #16 type.registry] 
New type java.util.ArrayList<domain.Conclave>

[2026-05-15 17:24:23 #17 type.registry] 
New type java.util.ArrayList<domain.CardenalElector>

[2026-05-15 17:24:24 #18 type.registry] 
New type java.util.HashSet<domain.Persona>

[2026-05-15 17:24:24 #19 type.registry] 
New type java.util.HashSet<domain.CardenalElector>

------------------------------------------------------------------------------------------------------------------------

[2026-05-15 18:25:40 #1 store] 
Database 'C:\Users\jla\git\conclave2.0\Market26\src\main\resources\conclaveDB.temp' is opened by 3352@DESKTOP-QMJV9R8

[2026-05-15 18:25:40 #2 type.registry] 
New type domain.Persona

[2026-05-15 18:25:40 #3 type.registry] 
New type domain.MaestroDeCeremonias

[2026-05-15 18:25:40 #4 type] 
Type domain.Persona is not enhanced.

[2026-05-15 18:25:40 #5 type.registry] 
New type domain.SesionVoto

[2026-05-15 18:25:40 #6 type] 
Type domain.MaestroDeCeremonias is not enhanced.

[2026-05-15 18:25:40 #7 type.registry] 
New type domain.Conclave

[2026-05-15 18:25:40 #8 type] 
Type domain.SesionVoto is not enhanced.

[2026-05-15 18:25:40 #9 type.registry] 
New type domain.Cardenal

[2026-05-15 18:25:40 #10 type.registry] 
New type domain.CardenalElector

[2026-05-15 18:25:40 #11 type] 
Type domain.Conclave is not enhanced.

[2026-05-15 18:25:40 #12 type.registry] 
New type domain.Papa

[2026-05-15 18:25:40 #13 type] 
Type domain.Cardenal is not enhanced.

[2026-05-15 18:25:40 #14 type] 
Type domain.CardenalElector is not enhanced.

[2026-05-15 18:25:40 #15 type] 
Type domain.Papa is not enhanced.

[2026-05-15 18:25:40 #16 store] 
Database 'C:\Users\jla\git\conclave2.0\Market26\src\main\resources\conclaveDB.temp' is closed by 3352@DESKTOP-QMJV9R8

------------------------------------------------------------------------------------------------------------------------

[2026-05-15 18:25:53 #1 store] 
Database 'C:\Users\jla\git\conclave2.0\Market26\src\main\resources\conclaveDB.temp' is opened by 11476@DESKTOP-QMJV9R8

[2026-05-15 18:25:53 #2 type] 
Type domain.Persona is not enhanced.

[2026-05-15 18:25:53 #3 type] 
Type domain.MaestroDeCeremonias is not enhanced.

[2026-05-15 18:25:53 #4 type] 
Type domain.SesionVoto is not enhanced.

[2026-05-15 18:25:53 #5 type] 
Type domain.Conclave is not enhanced.

[2026-05-15 18:25:53 #6 type] 
Type domain.Cardenal is not enhanced.

[2026-05-15 18:25:53 #7 type] 
Type domain.CardenalElector is not enhanced.

[2026-05-15 18:25:53 #8 type] 
Type domain.Papa is not enhanced.

------------------------------------------------------------------------------------------------------------------------

[2026-05-15 18:45:28 #1 store] 
Database 'C:\Users\jla\git\conclave2.0\Market26\src\main\resources\conclaveDB.temp' is opened by 2752@DESKTOP-QMJV9R8

[2026-05-15 18:45:28 #2 type] 
Type domain.Persona is not enhanced.

[2026-05-15 18:45:28 #3 type] 
Type domain.MaestroDeCeremonias is not enhanced.

[2026-05-15 18:45:28 #4 type] 
Type domain.SesionVoto is not enhanced.

[2026-05-15 18:45:28 #5 type] 
Type domain.Conclave is not enhanced.

[2026-05-15 18:45:28 #6 type] 
Type domain.Cardenal is not enhanced.

[2026-05-15 18:45:28 #7 type] 
Type domain.CardenalElector is not enhanced.

[2026-05-15 18:45:28 #8 type] 
Type domain.Papa is not enhanced.

------------------------------------------------------------------------------------------------------------------------

[2026-05-15 18:46:24 #1 store] 
Database 'C:\Users\jla\git\conclave2.0\Market26\src\main\resources\conclaveDB.temp' is opened by 5804@DESKTOP-QMJV9R8

[2026-05-15 18:46:24 #2 type] 
Type domain.Persona is not enhanced.

[2026-05-15 18:46:24 #3 type] 
Type domain.MaestroDeCeremonias is not enhanced.

[2026-05-15 18:46:24 #4 type] 
Type domain.SesionVoto is not enhanced.

[2026-05-15 18:46:24 #5 type] 
Type domain.Conclave is not enhanced.

[2026-05-15 18:46:24 #6 type] 
Type domain.Cardenal is not enhanced.

[2026-05-15 18:46:24 #7 type] 
Type domain.CardenalElector is not enhanced.

[2026-05-15 18:46:24 #8 type] 
Type domain.Papa is not enhanced.

[2026-05-15 18:46:26 #9 type.registry] 
New type java.util.ArrayList<domain.SesionVoto>

[2026-05-15 18:46:26 #10 type.registry] 
New type java.util.HashSet<domain.SesionVoto>

[2026-05-15 18:46:26 #11 type.registry] 
New type java.util.ArrayList<domain.Conclave>

[2026-05-15 18:46:26 #12 type.registry] 
New type java.util.ArrayList<domain.CardenalElector>

[2026-05-15 18:46:28 #13 type.registry] 
New type java.util.HashSet<domain.Persona>

[2026-05-15 18:46:28 #14 type.registry] 
New type java.util.HashSet<domain.CardenalElector>

------------------------------------------------------------------------------------------------------------------------

[2026-05-15 18:46:36 #1 store] 
Database 'C:\Users\jla\git\conclave2.0\Market26\src\main\resources\conclaveDB.temp' is opened by 11492@DESKTOP-QMJV9R8

[2026-05-15 18:46:37 #2 type.registry] 
New type domain.Persona

[2026-05-15 18:46:37 #3 type.registry] 
New type domain.MaestroDeCeremonias

[2026-05-15 18:46:37 #4 type] 
Type domain.Persona is not enhanced.

[2026-05-15 18:46:37 #5 type.registry] 
New type domain.SesionVoto

[2026-05-15 18:46:37 #6 type] 
Type domain.MaestroDeCeremonias is not enhanced.

[2026-05-15 18:46:37 #7 type.registry] 
New type domain.Conclave

[2026-05-15 18:46:37 #8 type] 
Type domain.SesionVoto is not enhanced.

[2026-05-15 18:46:37 #9 type.registry] 
New type domain.Cardenal

[2026-05-15 18:46:37 #10 type.registry] 
New type domain.CardenalElector

[2026-05-15 18:46:37 #11 type] 
Type domain.Conclave is not enhanced.

[2026-05-15 18:46:37 #12 type.registry] 
New type domain.Papa

[2026-05-15 18:46:37 #13 type] 
Type domain.Cardenal is not enhanced.

[2026-05-15 18:46:37 #14 type] 
Type domain.CardenalElector is not enhanced.

[2026-05-15 18:46:37 #15 type] 
Type domain.Papa is not enhanced.

[2026-05-15 18:46:37 #16 store] 
Database 'C:\Users\jla\git\conclave2.0\Market26\src\main\resources\conclaveDB.temp' is closed by 11492@DESKTOP-QMJV9R8

------------------------------------------------------------------------------------------------------------------------

[2026-05-15 19:35:35 #1 store] 
Database 'C:\Users\jla\git\conclave2.0\Market26\src\main\resources\conclaveDB.temp' is opened by 2508@DESKTOP-QMJV9R8

[2026-05-15 19:35:36 #2 type] 
Type domain.Persona is not enhanced.

[2026-05-15 19:35:36 #3 type] 
Type domain.MaestroDeCeremonias is not enhanced.

[2026-05-15 19:35:36 #4 type] 
Type domain.SesionVoto is not enhanced.

[2026-05-15 19:35:36 #5 type] 
Type domain.Conclave is not enhanced.

[2026-05-15 19:35:36 #6 type] 
Type domain.Cardenal is not enhanced.

[2026-05-15 19:35:36 #7 type] 
Type domain.CardenalElector is not enhanced.

[2026-05-15 19:35:36 #8 type] 
Type domain.Papa is not enhanced.

------------------------------------------------------------------------------------------------------------------------

[2026-05-15 20:12:55 #1 store] 
Database 'C:\Users\jla\git\conclave2.0\Market26\src\main\resources\conclaveDB.temp' is opened by 6268@DESKTOP-QMJV9R8

[2026-05-15 20:12:55 #2 type.registry] 
New type domain.Persona

[2026-05-15 20:12:55 #3 type.registry] 
New type domain.MaestroDeCeremonias

[2026-05-15 20:12:55 #4 type] 
Type domain.Persona is not enhanced.

[2026-05-15 20:12:55 #5 type.registry] 
New type domain.SesionVoto

[2026-05-15 20:12:55 #6 type] 
Type domain.MaestroDeCeremonias is not enhanced.

[2026-05-15 20:12:55 #7 type.registry] 
New type domain.Conclave

[2026-05-15 20:12:55 #8 type] 
Type domain.SesionVoto is not enhanced.

[2026-05-15 20:12:55 #9 type.registry] 
New type domain.Cardenal

[2026-05-15 20:12:55 #10 type.registry] 
New type domain.CardenalElector

[2026-05-15 20:12:55 #11 type] 
Type domain.Conclave is not enhanced.

[2026-05-15 20:12:55 #12 type.registry] 
New type domain.Papa

[2026-05-15 20:12:55 #13 type] 
Type domain.Cardenal is not enhanced.

[2026-05-15 20:12:55 #14 type] 
Type domain.CardenalElector is not enhanced.

[2026-05-15 20:12:55 #15 type] 
Type domain.Papa is not enhanced.

[2026-05-15 20:12:55 #16 store] 
Database 'C:\Users\jla\git\conclave2.0\Market26\src\main\resources\conclaveDB.temp' is closed by 6268@DESKTOP-QMJV9R8

------------------------------------------------------------------------------------------------------------------------

[2026-05-15 20:13:00 #1 store] 
Database 'C:\Users\jla\git\conclave2.0\Market26\src\main\resources\conclaveDB.temp' is opened by 10484@DESKTOP-QMJV9R8

[2026-05-15 20:13:00 #2 type] 
Type domain.Persona is not enhanced.

[2026-05-15 20:13:00 #3 type] 
Type domain.MaestroDeCeremonias is not enhanced.

[2026-05-15 20:13:00 #4 type] 
Type domain.SesionVoto is not enhanced.

[2026-05-15 20:13:00 #5 type] 
Type domain.Conclave is not enhanced.

[2026-05-15 20:13:00 #6 type] 
Type domain.Cardenal is not enhanced.

[2026-05-15 20:13:00 #7 type] 
Type domain.CardenalElector is not enhanced.

[2026-05-15 20:13:00 #8 type] 
Type domain.Papa is not enhanced.

[2026-05-15 20:13:11 #9 type.registry] 
New type java.util.ArrayList<java.lang.Object>

[2026-05-15 20:13:11 #10 type.registry] 
New type java.util.ArrayList<domain.SesionVoto>

[2026-05-15 20:13:11 #11 type.registry] 
New type com.objectdb.o.LMT

[2026-05-15 20:13:11 #12 type.registry] 
New type com.objectdb.o.VAL

[2026-05-15 20:13:11 #13 type.registry] 
New type com.objectdb.o.RFV

[2026-05-15 20:13:11 #14 type.registry] 
New type java.util.HashSet<java.lang.Object>

[2026-05-15 20:13:12 #15 type.registry] 
New type java.util.HashSet<domain.SesionVoto>

[2026-05-15 20:13:12 #16 type.registry] 
New type java.util.ArrayList<domain.Conclave>

[2026-05-15 20:13:12 #17 type.registry] 
New type java.util.ArrayList<domain.CardenalElector>

[2026-05-15 20:13:12 #18 type.registry] 
New type java.util.HashSet<domain.Persona>

[2026-05-15 20:13:12 #19 type.registry] 
New type java.util.HashSet<domain.CardenalElector>

------------------------------------------------------------------------------------------------------------------------

[2026-05-15 20:13:25 #1 store] 
Database 'C:\Users\jla\git\conclave2.0\Market26\src\main\resources\conclaveDB.temp' has been recovered (tr. 5-16)

[2026-05-15 20:13:25 #2 store] 
Database 'C:\Users\jla\git\conclave2.0\Market26\src\main\resources\conclaveDB.temp' is opened by 11740@DESKTOP-QMJV9R8

[2026-05-15 20:13:25 #3 type] 
Type domain.Persona is not enhanced.

[2026-05-15 20:13:25 #4 type] 
Type domain.MaestroDeCeremonias is not enhanced.

[2026-05-15 20:13:25 #5 type] 
Type domain.SesionVoto is not enhanced.

[2026-05-15 20:13:25 #6 type] 
Type domain.Conclave is not enhanced.

[2026-05-15 20:13:25 #7 type] 
Type domain.Cardenal is not enhanced.

[2026-05-15 20:13:25 #8 type] 
Type domain.CardenalElector is not enhanced.

[2026-05-15 20:13:25 #9 type] 
Type domain.Papa is not enhanced.

------------------------------------------------------------------------------------------------------------------------

[2026-05-15 20:15:16 #1 store] 
Database 'C:\Users\jla\git\conclave2.0\Market26\src\main\resources\conclaveDB.temp' is opened by 5616@DESKTOP-QMJV9R8

[2026-05-15 20:15:16 #2 type.registry] 
New type domain.Persona

[2026-05-15 20:15:16 #3 type.registry] 
New type domain.MaestroDeCeremonias

[2026-05-15 20:15:16 #4 type] 
Type domain.Persona is not enhanced.

[2026-05-15 20:15:16 #5 type.registry] 
New type domain.SesionVoto

[2026-05-15 20:15:16 #6 type] 
Type domain.MaestroDeCeremonias is not enhanced.

[2026-05-15 20:15:16 #7 type.registry] 
New type domain.Conclave

[2026-05-15 20:15:16 #8 type] 
Type domain.SesionVoto is not enhanced.

[2026-05-15 20:15:16 #9 type.registry] 
New type domain.Cardenal

[2026-05-15 20:15:16 #10 type.registry] 
New type domain.CardenalElector

[2026-05-15 20:15:16 #11 type] 
Type domain.Conclave is not enhanced.

[2026-05-15 20:15:16 #12 type.registry] 
New type domain.Papa

[2026-05-15 20:15:16 #13 type] 
Type domain.Cardenal is not enhanced.

[2026-05-15 20:15:16 #14 type] 
Type domain.CardenalElector is not enhanced.

[2026-05-15 20:15:16 #15 type] 
Type domain.Papa is not enhanced.

[2026-05-15 20:15:16 #16 store] 
Database 'C:\Users\jla\git\conclave2.0\Market26\src\main\resources\conclaveDB.temp' is closed by 5616@DESKTOP-QMJV9R8

------------------------------------------------------------------------------------------------------------------------

[2026-05-15 20:17:22 #1 store] 
Database 'C:\Users\jla\git\conclave2.0\Market26\src\main\resources\conclaveDB.temp' is opened by 9692@DESKTOP-QMJV9R8

[2026-05-15 20:17:22 #2 type] 
Type domain.Persona is not enhanced.

[2026-05-15 20:17:22 #3 type] 
Type domain.MaestroDeCeremonias is not enhanced.

[2026-05-15 20:17:22 #4 type] 
Type domain.SesionVoto is not enhanced.

[2026-05-15 20:17:22 #5 type] 
Type domain.Conclave is not enhanced.

[2026-05-15 20:17:22 #6 type] 
Type domain.Cardenal is not enhanced.

[2026-05-15 20:17:22 #7 type] 
Type domain.CardenalElector is not enhanced.

[2026-05-15 20:17:22 #8 type] 
Type domain.Papa is not enhanced.

------------------------------------------------------------------------------------------------------------------------

[2026-05-15 20:20:23 #1 store] 
Database 'C:\Users\jla\git\conclave2.0\Market26\src\main\resources\conclaveDB.temp' is opened by 8844@DESKTOP-QMJV9R8

[2026-05-15 20:20:23 #2 type.registry] 
New type domain.Persona

[2026-05-15 20:20:23 #3 type.registry] 
New type domain.MaestroDeCeremonias

[2026-05-15 20:20:23 #4 type] 
Type domain.Persona is not enhanced.

[2026-05-15 20:20:23 #5 type.registry] 
New type domain.SesionVoto

[2026-05-15 20:20:23 #6 type] 
Type domain.MaestroDeCeremonias is not enhanced.

[2026-05-15 20:20:23 #7 type.registry] 
New type domain.Conclave

[2026-05-15 20:20:23 #8 type] 
Type domain.SesionVoto is not enhanced.

[2026-05-15 20:20:23 #9 type.registry] 
New type domain.Cardenal

[2026-05-15 20:20:23 #10 type.registry] 
New type domain.CardenalElector

[2026-05-15 20:20:23 #11 type] 
Type domain.Conclave is not enhanced.

[2026-05-15 20:20:23 #12 type.registry] 
New type domain.Papa

[2026-05-15 20:20:23 #13 type] 
Type domain.Cardenal is not enhanced.

[2026-05-15 20:20:23 #14 type] 
Type domain.CardenalElector is not enhanced.

[2026-05-15 20:20:23 #15 type] 
Type domain.Papa is not enhanced.

[2026-05-15 20:20:23 #16 store] 
Database 'C:\Users\jla\git\conclave2.0\Market26\src\main\resources\conclaveDB.temp' is closed by 8844@DESKTOP-QMJV9R8

------------------------------------------------------------------------------------------------------------------------

[2026-05-15 20:21:18 #1 store] 
Database 'C:\Users\jla\git\conclave2.0\Market26\src\main\resources\conclaveDB.temp' is opened by 12256@DESKTOP-QMJV9R8

[2026-05-15 20:21:18 #2 type] 
Type domain.Persona is not enhanced.

[2026-05-15 20:21:18 #3 type] 
Type domain.MaestroDeCeremonias is not enhanced.

[2026-05-15 20:21:18 #4 type] 
Type domain.SesionVoto is not enhanced.

[2026-05-15 20:21:18 #5 type] 
Type domain.Conclave is not enhanced.

[2026-05-15 20:21:18 #6 type] 
Type domain.Cardenal is not enhanced.

[2026-05-15 20:21:18 #7 type] 
Type domain.CardenalElector is not enhanced.

[2026-05-15 20:21:18 #8 type] 
Type domain.Papa is not enhanced.

[2026-05-15 20:21:26 #9 type.registry] 
New type java.util.ArrayList<java.lang.Object>

[2026-05-15 20:21:26 #10 type.registry] 
New type java.util.ArrayList<domain.SesionVoto>

[2026-05-15 20:21:26 #11 type.registry] 
New type com.objectdb.o.LMT

[2026-05-15 20:21:26 #12 type.registry] 
New type com.objectdb.o.VAL

[2026-05-15 20:21:26 #13 type.registry] 
New type com.objectdb.o.RFV

[2026-05-15 20:21:26 #14 type.registry] 
New type java.util.HashSet<java.lang.Object>

[2026-05-15 20:21:26 #15 type.registry] 
New type java.util.HashSet<domain.SesionVoto>

[2026-05-15 20:21:26 #16 type.registry] 
New type java.util.ArrayList<domain.Conclave>

[2026-05-15 20:21:26 #17 type.registry] 
New type java.util.ArrayList<domain.CardenalElector>

[2026-05-15 20:21:27 #18 type.registry] 
New type java.util.HashSet<domain.Persona>

[2026-05-15 20:21:27 #19 type.registry] 
New type java.util.HashSet<domain.CardenalElector>

------------------------------------------------------------------------------------------------------------------------

[2026-05-15 20:21:37 #1 store] 
Database 'C:\Users\jla\git\conclave2.0\Market26\src\main\resources\conclaveDB.temp' has been recovered (tr. 5-16)

[2026-05-15 20:21:37 #2 store] 
Database 'C:\Users\jla\git\conclave2.0\Market26\src\main\resources\conclaveDB.temp' is opened by 2108@DESKTOP-QMJV9R8

[2026-05-15 20:21:37 #3 type] 
Type domain.Persona is not enhanced.

[2026-05-15 20:21:37 #4 type] 
Type domain.MaestroDeCeremonias is not enhanced.

[2026-05-15 20:21:37 #5 type] 
Type domain.SesionVoto is not enhanced.

[2026-05-15 20:21:37 #6 type] 
Type domain.Conclave is not enhanced.

[2026-05-15 20:21:37 #7 type] 
Type domain.Cardenal is not enhanced.

[2026-05-15 20:21:37 #8 type] 
Type domain.CardenalElector is not enhanced.

[2026-05-15 20:21:37 #9 type] 
Type domain.Papa is not enhanced.

------------------------------------------------------------------------------------------------------------------------

[2026-05-15 20:23:32 #1 store] 
Database 'C:\Users\jla\git\conclave2.0\Market26\src\main\resources\conclaveDB.temp' is opened by 6204@DESKTOP-QMJV9R8

[2026-05-15 20:23:32 #2 type.registry] 
New type domain.Persona

[2026-05-15 20:23:32 #3 type.registry] 
New type domain.MaestroDeCeremonias

[2026-05-15 20:23:32 #4 type] 
Type domain.Persona is not enhanced.

[2026-05-15 20:23:32 #5 type.registry] 
New type domain.SesionVoto

[2026-05-15 20:23:32 #6 type] 
Type domain.MaestroDeCeremonias is not enhanced.

[2026-05-15 20:23:32 #7 type.registry] 
New type domain.Conclave

[2026-05-15 20:23:32 #8 type] 
Type domain.SesionVoto is not enhanced.

[2026-05-15 20:23:32 #9 type.registry] 
New type domain.Cardenal

[2026-05-15 20:23:32 #10 type.registry] 
New type domain.CardenalElector

[2026-05-15 20:23:32 #11 type] 
Type domain.Conclave is not enhanced.

[2026-05-15 20:23:32 #12 type.registry] 
New type domain.Papa

[2026-05-15 20:23:32 #13 type] 
Type domain.Cardenal is not enhanced.

[2026-05-15 20:23:32 #14 type] 
Type domain.CardenalElector is not enhanced.

[2026-05-15 20:23:32 #15 type] 
Type domain.Papa is not enhanced.

[2026-05-15 20:23:32 #16 store] 
Database 'C:\Users\jla\git\conclave2.0\Market26\src\main\resources\conclaveDB.temp' is closed by 6204@DESKTOP-QMJV9R8

------------------------------------------------------------------------------------------------------------------------

[2026-05-15 20:39:18 #1 store] 
Database 'C:\Users\jla\git\conclave2.0\Market26\src\main\resources\conclaveDB.temp' is opened by 3472@DESKTOP-QMJV9R8

[2026-05-15 20:39:18 #2 type.registry] 
New type domain.Persona

[2026-05-15 20:39:18 #3 type.registry] 
New type domain.MaestroDeCeremonias

[2026-05-15 20:39:18 #4 type] 
Type domain.Persona is not enhanced.

[2026-05-15 20:39:18 #5 type.registry] 
New type domain.SesionVoto

[2026-05-15 20:39:18 #6 type] 
Type domain.MaestroDeCeremonias is not enhanced.

[2026-05-15 20:39:18 #7 type.registry] 
New type domain.Conclave

[2026-05-15 20:39:18 #8 type] 
Type domain.SesionVoto is not enhanced.

[2026-05-15 20:39:18 #9 type.registry] 
New type domain.Cardenal

[2026-05-15 20:39:18 #10 type.registry] 
New type domain.CardenalElector

[2026-05-15 20:39:18 #11 type] 
Type domain.Conclave is not enhanced.

[2026-05-15 20:39:18 #12 type.registry] 
New type domain.Papa

[2026-05-15 20:39:18 #13 type] 
Type domain.Cardenal is not enhanced.

[2026-05-15 20:39:18 #14 type] 
Type domain.CardenalElector is not enhanced.

[2026-05-15 20:39:18 #15 type] 
Type domain.Papa is not enhanced.

[2026-05-15 20:39:18 #16 store] 
Database 'C:\Users\jla\git\conclave2.0\Market26\src\main\resources\conclaveDB.temp' is closed by 3472@DESKTOP-QMJV9R8

------------------------------------------------------------------------------------------------------------------------

[2026-05-15 20:39:22 #1 store] 
Database 'C:\Users\jla\git\conclave2.0\Market26\src\main\resources\conclaveDB.temp' is opened by 11932@DESKTOP-QMJV9R8

[2026-05-15 20:39:23 #2 type] 
Type domain.Persona is not enhanced.

[2026-05-15 20:39:23 #3 type] 
Type domain.MaestroDeCeremonias is not enhanced.

[2026-05-15 20:39:23 #4 type] 
Type domain.SesionVoto is not enhanced.

[2026-05-15 20:39:23 #5 type] 
Type domain.Conclave is not enhanced.

[2026-05-15 20:39:23 #6 type] 
Type domain.Cardenal is not enhanced.

[2026-05-15 20:39:23 #7 type] 
Type domain.CardenalElector is not enhanced.

[2026-05-15 20:39:23 #8 type] 
Type domain.Papa is not enhanced.

[2026-05-15 20:39:41 #9 type.registry] 
New type java.util.ArrayList<java.lang.Object>

[2026-05-15 20:39:41 #10 type.registry] 
New type java.util.ArrayList<domain.SesionVoto>

[2026-05-15 20:39:41 #11 type.registry] 
New type com.objectdb.o.LMT

[2026-05-15 20:39:41 #12 type.registry] 
New type com.objectdb.o.VAL

[2026-05-15 20:39:41 #13 type.registry] 
New type com.objectdb.o.RFV

[2026-05-15 20:39:41 #14 type.registry] 
New type java.util.HashSet<java.lang.Object>

[2026-05-15 20:39:41 #15 type.registry] 
New type java.util.HashSet<domain.SesionVoto>

[2026-05-15 20:39:41 #16 type.registry] 
New type java.util.ArrayList<domain.Conclave>

[2026-05-15 20:39:41 #17 type.registry] 
New type java.util.ArrayList<domain.CardenalElector>

[2026-05-15 20:39:45 #18 type.registry] 
New type java.util.HashSet<domain.Persona>

[2026-05-15 20:39:45 #19 type.registry] 
New type java.util.HashSet<domain.CardenalElector>

------------------------------------------------------------------------------------------------------------------------

[2026-05-15 20:42:52 #1 store] 
Database 'C:\Users\jla\git\conclave2.0\Market26\src\main\resources\conclaveDB.temp' is opened by 9240@DESKTOP-QMJV9R8

[2026-05-15 20:42:52 #2 type.registry] 
New type domain.Persona

[2026-05-15 20:42:52 #3 type.registry] 
New type domain.MaestroDeCeremonias

[2026-05-15 20:42:52 #4 type] 
Type domain.Persona is not enhanced.

[2026-05-15 20:42:52 #5 type.registry] 
New type domain.SesionVoto

[2026-05-15 20:42:52 #6 type] 
Type domain.MaestroDeCeremonias is not enhanced.

[2026-05-15 20:42:52 #7 type.registry] 
New type domain.Conclave

[2026-05-15 20:42:52 #8 type] 
Type domain.SesionVoto is not enhanced.

[2026-05-15 20:42:52 #9 type.registry] 
New type domain.Cardenal

[2026-05-15 20:42:52 #10 type.registry] 
New type domain.CardenalElector

[2026-05-15 20:42:52 #11 type] 
Type domain.Conclave is not enhanced.

[2026-05-15 20:42:52 #12 type.registry] 
New type domain.Papa

[2026-05-15 20:42:52 #13 type] 
Type domain.Cardenal is not enhanced.

[2026-05-15 20:42:52 #14 type] 
Type domain.CardenalElector is not enhanced.

[2026-05-15 20:42:52 #15 type] 
Type domain.Papa is not enhanced.

[2026-05-15 20:42:52 #16 store] 
Database 'C:\Users\jla\git\conclave2.0\Market26\src\main\resources\conclaveDB.temp' is closed by 9240@DESKTOP-QMJV9R8

------------------------------------------------------------------------------------------------------------------------

[2026-05-15 20:43:05 #1 store] 
Database 'C:\Users\jla\git\conclave2.0\Market26\src\main\resources\conclaveDB.temp' is opened by 7568@DESKTOP-QMJV9R8

[2026-05-15 20:43:05 #2 type] 
Type domain.Persona is not enhanced.

[2026-05-15 20:43:05 #3 type] 
Type domain.MaestroDeCeremonias is not enhanced.

[2026-05-15 20:43:05 #4 type] 
Type domain.SesionVoto is not enhanced.

[2026-05-15 20:43:05 #5 type] 
Type domain.Conclave is not enhanced.

[2026-05-15 20:43:05 #6 type] 
Type domain.Cardenal is not enhanced.

[2026-05-15 20:43:05 #7 type] 
Type domain.CardenalElector is not enhanced.

[2026-05-15 20:43:05 #8 type] 
Type domain.Papa is not enhanced.

[2026-05-15 20:43:08 #9 type.registry] 
New type java.util.ArrayList<java.lang.Object>

[2026-05-15 20:43:08 #10 type.registry] 
New type java.util.ArrayList<domain.SesionVoto>

[2026-05-15 20:43:08 #11 type.registry] 
New type com.objectdb.o.LMT

[2026-05-15 20:43:08 #12 type.registry] 
New type com.objectdb.o.VAL

[2026-05-15 20:43:08 #13 type.registry] 
New type com.objectdb.o.RFV

[2026-05-15 20:43:08 #14 type.registry] 
New type java.util.HashSet<java.lang.Object>

[2026-05-15 20:43:08 #15 type.registry] 
New type java.util.HashSet<domain.SesionVoto>

[2026-05-15 20:43:08 #16 type.registry] 
New type java.util.ArrayList<domain.Conclave>

[2026-05-15 20:43:08 #17 type.registry] 
New type java.util.ArrayList<domain.CardenalElector>

[2026-05-15 20:43:08 #18 type.registry] 
New type java.util.HashSet<domain.Persona>

[2026-05-15 20:43:08 #19 type.registry] 
New type java.util.HashSet<domain.CardenalElector>

------------------------------------------------------------------------------------------------------------------------

[2026-05-15 21:48:43 #1 store] 
Database 'C:\Users\jla\git\conclave2.0\Market26\src\main\resources\conclaveDB.temp' is opened by 6772@DESKTOP-QMJV9R8

[2026-05-15 21:48:43 #2 type.registry] 
New type domain.Persona

[2026-05-15 21:48:43 #3 type.registry] 
New type domain.MaestroDeCeremonias

[2026-05-15 21:48:43 #4 type] 
Type domain.Persona is not enhanced.

[2026-05-15 21:48:43 #5 type.registry] 
New type domain.SesionVoto

[2026-05-15 21:48:43 #6 type] 
Type domain.MaestroDeCeremonias is not enhanced.

[2026-05-15 21:48:43 #7 type.registry] 
New type domain.Conclave

[2026-05-15 21:48:43 #8 type] 
Type domain.SesionVoto is not enhanced.

[2026-05-15 21:48:43 #9 type.registry] 
New type domain.Cardenal

[2026-05-15 21:48:43 #10 type.registry] 
New type domain.CardenalElector

[2026-05-15 21:48:43 #11 type] 
Type domain.Conclave is not enhanced.

[2026-05-15 21:48:43 #12 type.registry] 
New type domain.Papa

[2026-05-15 21:48:43 #13 type] 
Type domain.Cardenal is not enhanced.

[2026-05-15 21:48:43 #14 type] 
Type domain.CardenalElector is not enhanced.

[2026-05-15 21:48:43 #15 type] 
Type domain.Papa is not enhanced.

[2026-05-15 21:48:43 #16 store] 
Database 'C:\Users\jla\git\conclave2.0\Market26\src\main\resources\conclaveDB.temp' is closed by 6772@DESKTOP-QMJV9R8

------------------------------------------------------------------------------------------------------------------------

[2026-05-15 21:48:53 #1 store] 
Database 'C:\Users\jla\git\conclave2.0\Market26\src\main\resources\conclaveDB.temp' is opened by 9104@DESKTOP-QMJV9R8

[2026-05-15 21:48:53 #2 type] 
Type domain.Persona is not enhanced.

[2026-05-15 21:48:53 #3 type] 
Type domain.MaestroDeCeremonias is not enhanced.

[2026-05-15 21:48:53 #4 type] 
Type domain.SesionVoto is not enhanced.

[2026-05-15 21:48:53 #5 type] 
Type domain.Conclave is not enhanced.

[2026-05-15 21:48:53 #6 type] 
Type domain.Cardenal is not enhanced.

[2026-05-15 21:48:53 #7 type] 
Type domain.CardenalElector is not enhanced.

[2026-05-15 21:48:53 #8 type] 
Type domain.Papa is not enhanced.

[2026-05-15 21:49:01 #9 type.registry] 
New type java.util.ArrayList<java.lang.Object>

[2026-05-15 21:49:01 #10 type.registry] 
New type java.util.ArrayList<domain.SesionVoto>

[2026-05-15 21:49:01 #11 type.registry] 
New type com.objectdb.o.LMT

[2026-05-15 21:49:01 #12 type.registry] 
New type com.objectdb.o.VAL

[2026-05-15 21:49:01 #13 type.registry] 
New type com.objectdb.o.RFV

[2026-05-15 21:49:01 #14 type.registry] 
New type java.util.HashSet<java.lang.Object>

[2026-05-15 21:49:01 #15 type.registry] 
New type java.util.HashSet<domain.SesionVoto>

[2026-05-15 21:49:01 #16 type.registry] 
New type java.util.ArrayList<domain.Conclave>

[2026-05-15 21:49:01 #17 type.registry] 
New type java.util.ArrayList<domain.CardenalElector>

[2026-05-15 21:49:01 #18 type.registry] 
New type java.util.HashSet<domain.Persona>

[2026-05-15 21:49:01 #19 type.registry] 
New type java.util.HashSet<domain.CardenalElector>

------------------------------------------------------------------------------------------------------------------------

[2026-05-15 21:49:13 #1 store] 
Database 'C:\Users\jla\git\conclave2.0\Market26\src\main\resources\conclaveDB.temp' has been recovered (tr. 5-16)

[2026-05-15 21:49:13 #2 store] 
Database 'C:\Users\jla\git\conclave2.0\Market26\src\main\resources\conclaveDB.temp' is opened by 9720@DESKTOP-QMJV9R8

[2026-05-15 21:49:13 #3 type] 
Type domain.Persona is not enhanced.

[2026-05-15 21:49:13 #4 type] 
Type domain.MaestroDeCeremonias is not enhanced.

[2026-05-15 21:49:13 #5 type] 
Type domain.SesionVoto is not enhanced.

[2026-05-15 21:49:13 #6 type] 
Type domain.Conclave is not enhanced.

[2026-05-15 21:49:13 #7 type] 
Type domain.Cardenal is not enhanced.

[2026-05-15 21:49:13 #8 type] 
Type domain.CardenalElector is not enhanced.

[2026-05-15 21:49:13 #9 type] 
Type domain.Papa is not enhanced.

------------------------------------------------------------------------------------------------------------------------

[2026-05-15 21:49:55 #1 store] 
Database 'C:\Users\jla\git\conclave2.0\Market26\src\main\resources\conclaveDB.temp' is opened by 1384@DESKTOP-QMJV9R8

[2026-05-15 21:49:55 #2 type.registry] 
New type domain.Persona

[2026-05-15 21:49:55 #3 type.registry] 
New type domain.MaestroDeCeremonias

[2026-05-15 21:49:55 #4 type] 
Type domain.Persona is not enhanced.

[2026-05-15 21:49:55 #5 type.registry] 
New type domain.SesionVoto

[2026-05-15 21:49:55 #6 type] 
Type domain.MaestroDeCeremonias is not enhanced.

[2026-05-15 21:49:55 #7 type.registry] 
New type domain.Conclave

[2026-05-15 21:49:55 #8 type] 
Type domain.SesionVoto is not enhanced.

[2026-05-15 21:49:55 #9 type.registry] 
New type domain.Cardenal

[2026-05-15 21:49:55 #10 type.registry] 
New type domain.CardenalElector

[2026-05-15 21:49:55 #11 type] 
Type domain.Conclave is not enhanced.

[2026-05-15 21:49:55 #12 type.registry] 
New type domain.Papa

[2026-05-15 21:49:55 #13 type] 
Type domain.Cardenal is not enhanced.

[2026-05-15 21:49:55 #14 type] 
Type domain.CardenalElector is not enhanced.

[2026-05-15 21:49:55 #15 type] 
Type domain.Papa is not enhanced.

[2026-05-15 21:49:55 #16 store] 
Database 'C:\Users\jla\git\conclave2.0\Market26\src\main\resources\conclaveDB.temp' is closed by 1384@DESKTOP-QMJV9R8

------------------------------------------------------------------------------------------------------------------------

[2026-05-15 21:49:59 #1 store] 
Database 'C:\Users\jla\git\conclave2.0\Market26\src\main\resources\conclaveDB.temp' is opened by 1572@DESKTOP-QMJV9R8

[2026-05-15 21:49:59 #2 type] 
Type domain.Persona is not enhanced.

[2026-05-15 21:49:59 #3 type] 
Type domain.MaestroDeCeremonias is not enhanced.

[2026-05-15 21:49:59 #4 type] 
Type domain.SesionVoto is not enhanced.

[2026-05-15 21:49:59 #5 type] 
Type domain.Conclave is not enhanced.

[2026-05-15 21:49:59 #6 type] 
Type domain.Cardenal is not enhanced.

[2026-05-15 21:49:59 #7 type] 
Type domain.CardenalElector is not enhanced.

[2026-05-15 21:49:59 #8 type] 
Type domain.Papa is not enhanced.

[2026-05-15 21:50:20 #9 type.registry] 
New type java.util.ArrayList<java.lang.Object>

[2026-05-15 21:50:20 #10 type.registry] 
New type java.util.ArrayList<domain.SesionVoto>

[2026-05-15 21:50:20 #11 type.registry] 
New type com.objectdb.o.LMT

[2026-05-15 21:50:20 #12 type.registry] 
New type com.objectdb.o.VAL

[2026-05-15 21:50:20 #13 type.registry] 
New type com.objectdb.o.RFV

[2026-05-15 21:50:20 #14 type.registry] 
New type java.util.HashSet<java.lang.Object>

[2026-05-15 21:50:20 #15 type.registry] 
New type java.util.HashSet<domain.SesionVoto>

[2026-05-15 21:50:20 #16 type.registry] 
New type java.util.ArrayList<domain.Conclave>

[2026-05-15 21:50:20 #17 type.registry] 
New type java.util.ArrayList<domain.CardenalElector>

[2026-05-15 21:50:21 #18 type.registry] 
New type java.util.HashSet<domain.Persona>

[2026-05-15 21:50:21 #19 type.registry] 
New type java.util.HashSet<domain.CardenalElector>

------------------------------------------------------------------------------------------------------------------------

[2026-05-15 21:59:50 #1 store] 
Database 'C:\Users\jla\git\conclave2.0\Market26\src\main\resources\conclaveDB.temp' has been recovered (tr. 5-16)

[2026-05-15 21:59:50 #2 store] 
Database 'C:\Users\jla\git\conclave2.0\Market26\src\main\resources\conclaveDB.temp' is opened by 6984@DESKTOP-QMJV9R8

[2026-05-15 21:59:50 #3 type] 
Type domain.Persona is not enhanced.

[2026-05-15 21:59:50 #4 type] 
Type domain.MaestroDeCeremonias is not enhanced.

[2026-05-15 21:59:50 #5 type] 
Type domain.SesionVoto is not enhanced.

[2026-05-15 21:59:50 #6 type] 
Type domain.Conclave is not enhanced.

[2026-05-15 21:59:50 #7 type] 
Type domain.Cardenal is not enhanced.

[2026-05-15 21:59:50 #8 type] 
Type domain.CardenalElector is not enhanced.

[2026-05-15 21:59:50 #9 type] 
Type domain.Papa is not enhanced.

------------------------------------------------------------------------------------------------------------------------

[2026-05-15 22:02:18 #1 store] 
Database 'C:\Users\jla\git\conclave2.0\Market26\src\main\resources\conclaveDB.temp' is opened by 11676@DESKTOP-QMJV9R8

[2026-05-15 22:02:18 #2 type] 
Type domain.Persona is not enhanced.

[2026-05-15 22:02:18 #3 type] 
Type domain.MaestroDeCeremonias is not enhanced.

[2026-05-15 22:02:18 #4 type] 
Type domain.SesionVoto is not enhanced.

[2026-05-15 22:02:18 #5 type] 
Type domain.Conclave is not enhanced.

[2026-05-15 22:02:18 #6 type] 
Type domain.Cardenal is not enhanced.

[2026-05-15 22:02:18 #7 type] 
Type domain.CardenalElector is not enhanced.

[2026-05-15 22:02:18 #8 type] 
Type domain.Papa is not enhanced.

------------------------------------------------------------------------------------------------------------------------

[2026-05-15 22:03:32 #1 store] 
Database 'C:\Users\jla\git\conclave2.0\Market26\src\main\resources\conclaveDB.temp' is opened by 5084@DESKTOP-QMJV9R8

[2026-05-15 22:03:32 #2 type] 
Type domain.Persona is not enhanced.

[2026-05-15 22:03:32 #3 type] 
Type domain.MaestroDeCeremonias is not enhanced.

[2026-05-15 22:03:32 #4 type] 
Type domain.SesionVoto is not enhanced.

[2026-05-15 22:03:32 #5 type] 
Type domain.Conclave is not enhanced.

[2026-05-15 22:03:32 #6 type] 
Type domain.Cardenal is not enhanced.

[2026-05-15 22:03:32 #7 type] 
Type domain.CardenalElector is not enhanced.

[2026-05-15 22:03:32 #8 type] 
Type domain.Papa is not enhanced.

------------------------------------------------------------------------------------------------------------------------

[2026-05-15 22:05:47 #1 store] 
Database 'C:\Users\jla\git\conclave2.0\Market26\src\main\resources\conclaveDB.temp' is opened by 9552@DESKTOP-QMJV9R8

[2026-05-15 22:05:47 #2 type.registry] 
New type domain.Persona

[2026-05-15 22:05:47 #3 type.registry] 
New type domain.MaestroDeCeremonias

[2026-05-15 22:05:47 #4 type] 
Type domain.Persona is not enhanced.

[2026-05-15 22:05:47 #5 type.registry] 
New type domain.SesionVoto

[2026-05-15 22:05:47 #6 type] 
Type domain.MaestroDeCeremonias is not enhanced.

[2026-05-15 22:05:47 #7 type.registry] 
New type domain.Conclave

[2026-05-15 22:05:47 #8 type] 
Type domain.SesionVoto is not enhanced.

[2026-05-15 22:05:47 #9 type.registry] 
New type domain.Cardenal

[2026-05-15 22:05:47 #10 type.registry] 
New type domain.CardenalElector

[2026-05-15 22:05:47 #11 type] 
Type domain.Conclave is not enhanced.

[2026-05-15 22:05:47 #12 type.registry] 
New type domain.Papa

[2026-05-15 22:05:47 #13 type] 
Type domain.Cardenal is not enhanced.

[2026-05-15 22:05:47 #14 type] 
Type domain.CardenalElector is not enhanced.

[2026-05-15 22:05:47 #15 type] 
Type domain.Papa is not enhanced.

[2026-05-15 22:05:47 #16 store] 
Database 'C:\Users\jla\git\conclave2.0\Market26\src\main\resources\conclaveDB.temp' is closed by 9552@DESKTOP-QMJV9R8

------------------------------------------------------------------------------------------------------------------------

[2026-05-15 22:06:18 #1 store] 
Database 'C:\Users\jla\git\conclave2.0\Market26\src\main\resources\conclaveDB.temp' is opened by 8056@DESKTOP-QMJV9R8

[2026-05-15 22:06:18 #2 type] 
Type domain.Persona is not enhanced.

[2026-05-15 22:06:18 #3 type] 
Type domain.MaestroDeCeremonias is not enhanced.

[2026-05-15 22:06:18 #4 type] 
Type domain.SesionVoto is not enhanced.

[2026-05-15 22:06:18 #5 type] 
Type domain.Conclave is not enhanced.

[2026-05-15 22:06:18 #6 type] 
Type domain.Cardenal is not enhanced.

[2026-05-15 22:06:18 #7 type] 
Type domain.CardenalElector is not enhanced.

[2026-05-15 22:06:18 #8 type] 
Type domain.Papa is not enhanced.

[2026-05-15 22:06:24 #9 type.registry] 
New type java.util.ArrayList<java.lang.Object>

[2026-05-15 22:06:24 #10 type.registry] 
New type java.util.ArrayList<domain.SesionVoto>

[2026-05-15 22:06:24 #11 type.registry] 
New type com.objectdb.o.LMT

[2026-05-15 22:06:24 #12 type.registry] 
New type com.objectdb.o.VAL

[2026-05-15 22:06:24 #13 type.registry] 
New type com.objectdb.o.RFV

[2026-05-15 22:06:24 #14 type.registry] 
New type java.util.HashSet<java.lang.Object>

[2026-05-15 22:06:24 #15 type.registry] 
New type java.util.HashSet<domain.SesionVoto>

[2026-05-15 22:06:24 #16 type.registry] 
New type java.util.ArrayList<domain.Conclave>

[2026-05-15 22:06:24 #17 type.registry] 
New type java.util.ArrayList<domain.CardenalElector>

[2026-05-15 22:06:25 #18 type.registry] 
New type java.util.HashSet<domain.Persona>

[2026-05-15 22:06:25 #19 type.registry] 
New type java.util.HashSet<domain.CardenalElector>

------------------------------------------------------------------------------------------------------------------------

[2026-05-15 22:09:32 #1 store] 
Database 'C:\Users\jla\git\conclave2.0\Market26\src\main\resources\conclaveDB.temp' is opened by 9308@DESKTOP-QMJV9R8

[2026-05-15 22:09:32 #2 type.registry] 
New type domain.Persona

[2026-05-15 22:09:32 #3 type.registry] 
New type domain.MaestroDeCeremonias

[2026-05-15 22:09:32 #4 type] 
Type domain.Persona is not enhanced.

[2026-05-15 22:09:32 #5 type.registry] 
New type domain.SesionVoto

[2026-05-15 22:09:32 #6 type] 
Type domain.MaestroDeCeremonias is not enhanced.

[2026-05-15 22:09:32 #7 type.registry] 
New type domain.Conclave

[2026-05-15 22:09:32 #8 type] 
Type domain.SesionVoto is not enhanced.

[2026-05-15 22:09:32 #9 type.registry] 
New type domain.Cardenal

[2026-05-15 22:09:32 #10 type.registry] 
New type domain.CardenalElector

[2026-05-15 22:09:32 #11 type] 
Type domain.Conclave is not enhanced.

[2026-05-15 22:09:32 #12 type.registry] 
New type domain.Papa

[2026-05-15 22:09:32 #13 type] 
Type domain.Cardenal is not enhanced.

[2026-05-15 22:09:32 #14 type] 
Type domain.CardenalElector is not enhanced.

[2026-05-15 22:09:32 #15 type] 
Type domain.Papa is not enhanced.

[2026-05-15 22:09:32 #16 store] 
Database 'C:\Users\jla\git\conclave2.0\Market26\src\main\resources\conclaveDB.temp' is closed by 9308@DESKTOP-QMJV9R8

------------------------------------------------------------------------------------------------------------------------

[2026-05-15 22:09:35 #1 store] 
Database 'C:\Users\jla\git\conclave2.0\Market26\src\main\resources\conclaveDB.temp' is opened by 6528@DESKTOP-QMJV9R8

[2026-05-15 22:09:35 #2 type] 
Type domain.Persona is not enhanced.

[2026-05-15 22:09:35 #3 type] 
Type domain.MaestroDeCeremonias is not enhanced.

[2026-05-15 22:09:35 #4 type] 
Type domain.SesionVoto is not enhanced.

[2026-05-15 22:09:35 #5 type] 
Type domain.Conclave is not enhanced.

[2026-05-15 22:09:35 #6 type] 
Type domain.Cardenal is not enhanced.

[2026-05-15 22:09:35 #7 type] 
Type domain.CardenalElector is not enhanced.

[2026-05-15 22:09:35 #8 type] 
Type domain.Papa is not enhanced.

[2026-05-15 22:09:40 #9 type.registry] 
New type java.util.ArrayList<java.lang.Object>

[2026-05-15 22:09:40 #10 type.registry] 
New type java.util.ArrayList<domain.SesionVoto>

[2026-05-15 22:09:40 #11 type.registry] 
New type com.objectdb.o.LMT

[2026-05-15 22:09:40 #12 type.registry] 
New type com.objectdb.o.VAL

[2026-05-15 22:09:40 #13 type.registry] 
New type com.objectdb.o.RFV

[2026-05-15 22:09:40 #14 type.registry] 
New type java.util.HashSet<java.lang.Object>

[2026-05-15 22:09:40 #15 type.registry] 
New type java.util.HashSet<domain.SesionVoto>

[2026-05-15 22:09:40 #16 type.registry] 
New type java.util.ArrayList<domain.Conclave>

[2026-05-15 22:09:40 #17 type.registry] 
New type java.util.ArrayList<domain.CardenalElector>

[2026-05-15 22:09:41 #18 type.registry] 
New type java.util.HashSet<domain.Persona>

[2026-05-15 22:09:41 #19 type.registry] 
New type java.util.HashSet<domain.CardenalElector>

------------------------------------------------------------------------------------------------------------------------

[2026-05-15 22:09:52 #1 store] 
Database 'C:\Users\jla\git\conclave2.0\Market26\src\main\resources\conclaveDB.temp' has been recovered (tr. 5-16)

[2026-05-15 22:09:52 #2 store] 
Database 'C:\Users\jla\git\conclave2.0\Market26\src\main\resources\conclaveDB.temp' is opened by 6464@DESKTOP-QMJV9R8

[2026-05-15 22:09:53 #3 type] 
Type domain.Persona is not enhanced.

[2026-05-15 22:09:53 #4 type] 
Type domain.MaestroDeCeremonias is not enhanced.

[2026-05-15 22:09:53 #5 type] 
Type domain.SesionVoto is not enhanced.

[2026-05-15 22:09:53 #6 type] 
Type domain.Conclave is not enhanced.

[2026-05-15 22:09:53 #7 type] 
Type domain.Cardenal is not enhanced.

[2026-05-15 22:09:53 #8 type] 
Type domain.CardenalElector is not enhanced.

[2026-05-15 22:09:53 #9 type] 
Type domain.Papa is not enhanced.

------------------------------------------------------------------------------------------------------------------------

[2026-05-15 22:10:12 #1 store] 
Database 'C:\Users\jla\git\conclave2.0\Market26\src\main\resources\conclaveDB.temp' is opened by 8160@DESKTOP-QMJV9R8

[2026-05-15 22:10:12 #2 type] 
Type domain.Persona is not enhanced.

[2026-05-15 22:10:12 #3 type] 
Type domain.MaestroDeCeremonias is not enhanced.

[2026-05-15 22:10:12 #4 type] 
Type domain.SesionVoto is not enhanced.

[2026-05-15 22:10:12 #5 type] 
Type domain.Conclave is not enhanced.

[2026-05-15 22:10:12 #6 type] 
Type domain.Cardenal is not enhanced.

[2026-05-15 22:10:12 #7 type] 
Type domain.CardenalElector is not enhanced.

[2026-05-15 22:10:12 #8 type] 
Type domain.Papa is not enhanced.

------------------------------------------------------------------------------------------------------------------------

[2026-05-15 22:10:57 #1 store] 
Database 'C:\Users\jla\git\conclave2.0\Market26\src\main\resources\conclaveDB.temp' is opened by 8132@DESKTOP-QMJV9R8

[2026-05-15 22:10:57 #2 type] 
Type domain.Persona is not enhanced.

[2026-05-15 22:10:57 #3 type] 
Type domain.MaestroDeCeremonias is not enhanced.

[2026-05-15 22:10:57 #4 type] 
Type domain.SesionVoto is not enhanced.

[2026-05-15 22:10:57 #5 type] 
Type domain.Conclave is not enhanced.

[2026-05-15 22:10:57 #6 type] 
Type domain.Cardenal is not enhanced.

[2026-05-15 22:10:57 #7 type] 
Type domain.CardenalElector is not enhanced.

[2026-05-15 22:10:57 #8 type] 
Type domain.Papa is not enhanced.

------------------------------------------------------------------------------------------------------------------------

[2026-05-15 22:14:26 #1 store] 
Database 'C:\Users\jla\git\conclave2.0\Market26\src\main\resources\conclaveDB.temp' is opened by 4720@DESKTOP-QMJV9R8

[2026-05-15 22:14:26 #2 type] 
Type domain.Persona is not enhanced.

[2026-05-15 22:14:26 #3 type] 
Type domain.MaestroDeCeremonias is not enhanced.

[2026-05-15 22:14:26 #4 type] 
Type domain.SesionVoto is not enhanced.

[2026-05-15 22:14:26 #5 type] 
Type domain.Conclave is not enhanced.

[2026-05-15 22:14:26 #6 type] 
Type domain.Cardenal is not enhanced.

[2026-05-15 22:14:26 #7 type] 
Type domain.CardenalElector is not enhanced.

[2026-05-15 22:14:26 #8 type] 
Type domain.Papa is not enhanced.

------------------------------------------------------------------------------------------------------------------------

[2026-05-15 22:16:15 #1 store] 
Database 'C:\Users\jla\git\conclave2.0\Market26\src\main\resources\conclaveDB.temp' is opened by 9308@DESKTOP-QMJV9R8

[2026-05-15 22:16:16 #2 type] 
Type domain.Persona is not enhanced.

[2026-05-15 22:16:16 #3 type] 
Type domain.MaestroDeCeremonias is not enhanced.

[2026-05-15 22:16:16 #4 type] 
Type domain.SesionVoto is not enhanced.

[2026-05-15 22:16:16 #5 type] 
Type domain.Conclave is not enhanced.

[2026-05-15 22:16:16 #6 type] 
Type domain.Cardenal is not enhanced.

[2026-05-15 22:16:16 #7 type] 
Type domain.CardenalElector is not enhanced.

[2026-05-15 22:16:16 #8 type] 
Type domain.Papa is not enhanced.

------------------------------------------------------------------------------------------------------------------------

[2026-05-15 22:17:52 #1 store] 
Database 'C:\Users\jla\git\conclave2.0\Market26\src\main\resources\conclaveDB.temp' is opened by 5456@DESKTOP-QMJV9R8

[2026-05-15 22:17:53 #2 type] 
Type domain.Persona is not enhanced.

[2026-05-15 22:17:53 #3 type] 
Type domain.MaestroDeCeremonias is not enhanced.

[2026-05-15 22:17:53 #4 type] 
Type domain.SesionVoto is not enhanced.

[2026-05-15 22:17:53 #5 type] 
Type domain.Conclave is not enhanced.

[2026-05-15 22:17:53 #6 type] 
Type domain.Cardenal is not enhanced.

[2026-05-15 22:17:53 #7 type] 
Type domain.CardenalElector is not enhanced.

[2026-05-15 22:17:53 #8 type] 
Type domain.Papa is not enhanced.

------------------------------------------------------------------------------------------------------------------------

[2026-05-15 22:22:10 #1 store] 
Database 'C:\Users\jla\git\conclave2.0\Market26\src\main\resources\conclaveDB.temp' is opened by 3272@DESKTOP-QMJV9R8

[2026-05-15 22:22:11 #2 type] 
Type domain.Persona is not enhanced.

[2026-05-15 22:22:11 #3 type] 
Type domain.MaestroDeCeremonias is not enhanced.

[2026-05-15 22:22:11 #4 type] 
Type domain.SesionVoto is not enhanced.

[2026-05-15 22:22:11 #5 type] 
Type domain.Conclave is not enhanced.

[2026-05-15 22:22:11 #6 type] 
Type domain.Cardenal is not enhanced.

[2026-05-15 22:22:11 #7 type] 
Type domain.CardenalElector is not enhanced.

[2026-05-15 22:22:11 #8 type] 
Type domain.Papa is not enhanced.

------------------------------------------------------------------------------------------------------------------------

[2026-05-15 22:24:02 #1 store] 
Database 'C:\Users\jla\git\conclave2.0\Market26\src\main\resources\conclaveDB.temp' is opened by 2072@DESKTOP-QMJV9R8

[2026-05-15 22:24:02 #2 type] 
Type domain.Persona is not enhanced.

[2026-05-15 22:24:02 #3 type] 
Type domain.MaestroDeCeremonias is not enhanced.

[2026-05-15 22:24:02 #4 type] 
Type domain.SesionVoto is not enhanced.

[2026-05-15 22:24:02 #5 type] 
Type domain.Conclave is not enhanced.

[2026-05-15 22:24:02 #6 type] 
Type domain.Cardenal is not enhanced.

[2026-05-15 22:24:02 #7 type] 
Type domain.CardenalElector is not enhanced.

[2026-05-15 22:24:02 #8 type] 
Type domain.Papa is not enhanced.

------------------------------------------------------------------------------------------------------------------------

[2026-05-15 22:25:26 #1 store] 
Database 'C:\Users\jla\git\conclave2.0\Market26\src\main\resources\conclaveDB.temp' is opened by 11760@DESKTOP-QMJV9R8

[2026-05-15 22:25:26 #2 type] 
Type domain.Persona is not enhanced.

[2026-05-15 22:25:26 #3 type] 
Type domain.MaestroDeCeremonias is not enhanced.

[2026-05-15 22:25:26 #4 type] 
Type domain.SesionVoto is not enhanced.

[2026-05-15 22:25:26 #5 type] 
Type domain.Conclave is not enhanced.

[2026-05-15 22:25:26 #6 type] 
Type domain.Cardenal is not enhanced.

[2026-05-15 22:25:26 #7 type] 
Type domain.CardenalElector is not enhanced.

[2026-05-15 22:25:26 #8 type] 
Type domain.Papa is not enhanced.

------------------------------------------------------------------------------------------------------------------------

[2026-05-15 22:26:00 #1 store] 
Database 'C:\Users\jla\git\conclave2.0\Market26\src\main\resources\conclaveDB.temp' is opened by 6872@DESKTOP-QMJV9R8

[2026-05-15 22:26:00 #2 type] 
Type domain.Persona is not enhanced.

[2026-05-15 22:26:00 #3 type] 
Type domain.MaestroDeCeremonias is not enhanced.

[2026-05-15 22:26:00 #4 type] 
Type domain.SesionVoto is not enhanced.

[2026-05-15 22:26:00 #5 type] 
Type domain.Conclave is not enhanced.

[2026-05-15 22:26:00 #6 type] 
Type domain.Cardenal is not enhanced.

[2026-05-15 22:26:00 #7 type] 
Type domain.CardenalElector is not enhanced.

[2026-05-15 22:26:00 #8 type] 
Type domain.Papa is not enhanced.

------------------------------------------------------------------------------------------------------------------------

[2026-05-15 22:26:47 #1 store] 
Database 'C:\Users\jla\git\conclave2.0\Market26\src\main\resources\conclaveDB.temp' is opened by 3864@DESKTOP-QMJV9R8

[2026-05-15 22:26:47 #2 type] 
Type domain.Persona is not enhanced.

[2026-05-15 22:26:47 #3 type] 
Type domain.MaestroDeCeremonias is not enhanced.

[2026-05-15 22:26:47 #4 type] 
Type domain.SesionVoto is not enhanced.

[2026-05-15 22:26:47 #5 type] 
Type domain.Conclave is not enhanced.

[2026-05-15 22:26:47 #6 type] 
Type domain.Cardenal is not enhanced.

[2026-05-15 22:26:47 #7 type] 
Type domain.CardenalElector is not enhanced.

[2026-05-15 22:26:47 #8 type] 
Type domain.Papa is not enhanced.

------------------------------------------------------------------------------------------------------------------------

[2026-05-15 22:28:07 #1 store] 
Database 'C:\Users\jla\git\conclave2.0\Market26\src\main\resources\conclaveDB.temp' is opened by 9092@DESKTOP-QMJV9R8

[2026-05-15 22:28:08 #2 type.registry] 
New type domain.Persona

[2026-05-15 22:28:08 #3 type.registry] 
New type domain.MaestroDeCeremonias

[2026-05-15 22:28:08 #4 type] 
Type domain.Persona is not enhanced.

[2026-05-15 22:28:08 #5 type.registry] 
New type domain.SesionVoto

[2026-05-15 22:28:08 #6 type] 
Type domain.MaestroDeCeremonias is not enhanced.

[2026-05-15 22:28:08 #7 type.registry] 
New type domain.Conclave

[2026-05-15 22:28:08 #8 type] 
Type domain.SesionVoto is not enhanced.

[2026-05-15 22:28:08 #9 type.registry] 
New type domain.Cardenal

[2026-05-15 22:28:08 #10 type.registry] 
New type domain.CardenalElector

[2026-05-15 22:28:08 #11 type] 
Type domain.Conclave is not enhanced.

[2026-05-15 22:28:08 #12 type.registry] 
New type domain.Papa

[2026-05-15 22:28:08 #13 type] 
Type domain.Cardenal is not enhanced.

[2026-05-15 22:28:08 #14 type] 
Type domain.CardenalElector is not enhanced.

[2026-05-15 22:28:08 #15 type] 
Type domain.Papa is not enhanced.

[2026-05-15 22:28:08 #16 store] 
Database 'C:\Users\jla\git\conclave2.0\Market26\src\main\resources\conclaveDB.temp' is closed by 9092@DESKTOP-QMJV9R8

------------------------------------------------------------------------------------------------------------------------

[2026-05-15 22:28:15 #1 store] 
Database 'C:\Users\jla\git\conclave2.0\Market26\src\main\resources\conclaveDB.temp' is opened by 6660@DESKTOP-QMJV9R8

[2026-05-15 22:28:16 #2 type] 
Type domain.Persona is not enhanced.

[2026-05-15 22:28:16 #3 type] 
Type domain.MaestroDeCeremonias is not enhanced.

[2026-05-15 22:28:16 #4 type] 
Type domain.SesionVoto is not enhanced.

[2026-05-15 22:28:16 #5 type] 
Type domain.Conclave is not enhanced.

[2026-05-15 22:28:16 #6 type] 
Type domain.Cardenal is not enhanced.

[2026-05-15 22:28:16 #7 type] 
Type domain.CardenalElector is not enhanced.

[2026-05-15 22:28:16 #8 type] 
Type domain.Papa is not enhanced.

------------------------------------------------------------------------------------------------------------------------

[2026-05-15 22:29:56 #1 store] 
Database 'C:\Users\jla\git\conclave2.0\Market26\src\main\resources\conclaveDB.temp' is opened by 2108@DESKTOP-QMJV9R8

[2026-05-15 22:29:56 #2 type.registry] 
New type domain.Persona

[2026-05-15 22:29:56 #3 type.registry] 
New type domain.MaestroDeCeremonias

[2026-05-15 22:29:56 #4 type] 
Type domain.Persona is not enhanced.

[2026-05-15 22:29:56 #5 type.registry] 
New type domain.SesionVoto

[2026-05-15 22:29:56 #6 type] 
Type domain.MaestroDeCeremonias is not enhanced.

[2026-05-15 22:29:56 #7 type.registry] 
New type domain.Conclave

[2026-05-15 22:29:56 #8 type] 
Type domain.SesionVoto is not enhanced.

[2026-05-15 22:29:56 #9 type.registry] 
New type domain.Cardenal

[2026-05-15 22:29:56 #10 type.registry] 
New type domain.CardenalElector

[2026-05-15 22:29:56 #11 type] 
Type domain.Conclave is not enhanced.

[2026-05-15 22:29:56 #12 type.registry] 
New type domain.Papa

[2026-05-15 22:29:56 #13 type] 
Type domain.Cardenal is not enhanced.

[2026-05-15 22:29:56 #14 type] 
Type domain.CardenalElector is not enhanced.

[2026-05-15 22:29:56 #15 type] 
Type domain.Papa is not enhanced.

[2026-05-15 22:29:56 #16 store] 
Database 'C:\Users\jla\git\conclave2.0\Market26\src\main\resources\conclaveDB.temp' is closed by 2108@DESKTOP-QMJV9R8

------------------------------------------------------------------------------------------------------------------------

[2026-05-15 22:31:44 #1 store] 
Database 'C:\Users\jla\git\conclave2.0\Market26\src\main\resources\conclaveDB.temp' is opened by 2636@DESKTOP-QMJV9R8

[2026-05-15 22:31:44 #2 type.registry] 
New type domain.Persona

[2026-05-15 22:31:44 #3 type.registry] 
New type domain.MaestroDeCeremonias

[2026-05-15 22:31:44 #4 type] 
Type domain.Persona is not enhanced.

[2026-05-15 22:31:44 #5 type.registry] 
New type domain.SesionVoto

[2026-05-15 22:31:44 #6 type] 
Type domain.MaestroDeCeremonias is not enhanced.

[2026-05-15 22:31:44 #7 type.registry] 
New type domain.Conclave

[2026-05-15 22:31:44 #8 type] 
Type domain.SesionVoto is not enhanced.

[2026-05-15 22:31:44 #9 type.registry] 
New type domain.Cardenal

[2026-05-15 22:31:44 #10 type.registry] 
New type domain.CardenalElector

[2026-05-15 22:31:44 #11 type] 
Type domain.Conclave is not enhanced.

[2026-05-15 22:31:44 #12 type.registry] 
New type domain.Papa

[2026-05-15 22:31:44 #13 type] 
Type domain.Cardenal is not enhanced.

[2026-05-15 22:31:44 #14 type] 
Type domain.CardenalElector is not enhanced.

[2026-05-15 22:31:44 #15 type] 
Type domain.Papa is not enhanced.

[2026-05-15 22:31:44 #16 store] 
Database 'C:\Users\jla\git\conclave2.0\Market26\src\main\resources\conclaveDB.temp' is closed by 2636@DESKTOP-QMJV9R8

------------------------------------------------------------------------------------------------------------------------

[2026-05-15 22:32:46 #1 store] 
Database 'C:\Users\jla\git\conclave2.0\Market26\src\main\resources\conclaveDB.temp' is opened by 9000@DESKTOP-QMJV9R8

[2026-05-15 22:32:46 #2 type] 
Type domain.Persona is not enhanced.

[2026-05-15 22:32:46 #3 type] 
Type domain.MaestroDeCeremonias is not enhanced.

[2026-05-15 22:32:46 #4 type] 
Type domain.SesionVoto is not enhanced.

[2026-05-15 22:32:47 #5 type] 
Type domain.Conclave is not enhanced.

[2026-05-15 22:32:47 #6 type] 
Type domain.Cardenal is not enhanced.

[2026-05-15 22:32:47 #7 type] 
Type domain.CardenalElector is not enhanced.

[2026-05-15 22:32:47 #8 type] 
Type domain.Papa is not enhanced.

------------------------------------------------------------------------------------------------------------------------

[2026-05-15 22:32:57 #1 store] 
Database 'C:\Users\jla\git\conclave2.0\Market26\src\main\resources\conclaveDB.temp' is opened by 11496@DESKTOP-QMJV9R8

[2026-05-15 22:32:57 #2 type] 
Type domain.Persona is not enhanced.

[2026-05-15 22:32:57 #3 type] 
Type domain.MaestroDeCeremonias is not enhanced.

[2026-05-15 22:32:57 #4 type] 
Type domain.SesionVoto is not enhanced.

[2026-05-15 22:32:57 #5 type] 
Type domain.Conclave is not enhanced.

[2026-05-15 22:32:57 #6 type] 
Type domain.Cardenal is not enhanced.

[2026-05-15 22:32:57 #7 type] 
Type domain.CardenalElector is not enhanced.

[2026-05-15 22:32:57 #8 type] 
Type domain.Papa is not enhanced.

[2026-05-15 22:32:59 #9 type.registry] 
New type java.util.ArrayList<java.lang.Object>

[2026-05-15 22:32:59 #10 type.registry] 
New type java.util.ArrayList<domain.SesionVoto>

[2026-05-15 22:33:00 #11 type.registry] 
New type com.objectdb.o.LMT

[2026-05-15 22:33:00 #12 type.registry] 
New type com.objectdb.o.VAL

[2026-05-15 22:33:00 #13 type.registry] 
New type com.objectdb.o.RFV

[2026-05-15 22:33:00 #14 type.registry] 
New type java.util.HashSet<java.lang.Object>

[2026-05-15 22:33:00 #15 type.registry] 
New type java.util.HashSet<domain.SesionVoto>

[2026-05-15 22:33:00 #16 type.registry] 
New type java.util.ArrayList<domain.Conclave>

[2026-05-15 22:33:00 #17 type.registry] 
New type java.util.ArrayList<domain.CardenalElector>

[2026-05-15 22:33:00 #18 type.registry] 
New type java.util.HashSet<domain.Persona>

[2026-05-15 22:33:00 #19 type.registry] 
New type java.util.HashSet<domain.CardenalElector>

------------------------------------------------------------------------------------------------------------------------

[2026-05-15 22:33:05 #1 store] 
Database 'C:\Users\jla\git\conclave2.0\Market26\src\main\resources\conclaveDB.temp' has been recovered (tr. 5-16)

[2026-05-15 22:33:05 #2 store] 
Database 'C:\Users\jla\git\conclave2.0\Market26\src\main\resources\conclaveDB.temp' is opened by 7900@DESKTOP-QMJV9R8

[2026-05-15 22:33:05 #3 type] 
Type domain.Persona is not enhanced.

[2026-05-15 22:33:05 #4 type] 
Type domain.MaestroDeCeremonias is not enhanced.

[2026-05-15 22:33:05 #5 type] 
Type domain.SesionVoto is not enhanced.

[2026-05-15 22:33:05 #6 type] 
Type domain.Conclave is not enhanced.

[2026-05-15 22:33:05 #7 type] 
Type domain.Cardenal is not enhanced.

[2026-05-15 22:33:05 #8 type] 
Type domain.CardenalElector is not enhanced.

[2026-05-15 22:33:05 #9 type] 
Type domain.Papa is not enhanced.

------------------------------------------------------------------------------------------------------------------------

[2026-05-15 22:33:51 #1 store] 
Database 'C:\Users\jla\git\conclave2.0\Market26\src\main\resources\conclaveDB.temp' is opened by 10640@DESKTOP-QMJV9R8

[2026-05-15 22:33:51 #2 type] 
Type domain.Persona is not enhanced.

[2026-05-15 22:33:51 #3 type] 
Type domain.MaestroDeCeremonias is not enhanced.

[2026-05-15 22:33:51 #4 type] 
Type domain.SesionVoto is not enhanced.

[2026-05-15 22:33:51 #5 type] 
Type domain.Conclave is not enhanced.

[2026-05-15 22:33:51 #6 type] 
Type domain.Cardenal is not enhanced.

[2026-05-15 22:33:51 #7 type] 
Type domain.CardenalElector is not enhanced.

[2026-05-15 22:33:51 #8 type] 
Type domain.Papa is not enhanced.

------------------------------------------------------------------------------------------------------------------------

[2026-05-15 22:34:00 #1 store] 
Database 'C:\Users\jla\git\conclave2.0\Market26\src\main\resources\conclaveDB.temp' is opened by 9612@DESKTOP-QMJV9R8

[2026-05-15 22:34:00 #2 type] 
Type domain.Persona is not enhanced.

[2026-05-15 22:34:00 #3 type] 
Type domain.MaestroDeCeremonias is not enhanced.

[2026-05-15 22:34:00 #4 type] 
Type domain.SesionVoto is not enhanced.

[2026-05-15 22:34:00 #5 type] 
Type domain.Conclave is not enhanced.

[2026-05-15 22:34:00 #6 type] 
Type domain.Cardenal is not enhanced.

[2026-05-15 22:34:00 #7 type] 
Type domain.CardenalElector is not enhanced.

[2026-05-15 22:34:00 #8 type] 
Type domain.Papa is not enhanced.

------------------------------------------------------------------------------------------------------------------------

[2026-05-15 22:41:13 #1 store] 
Database 'C:\Users\jla\git\conclave2.0\Market26\src\main\resources\conclaveDB.temp' is opened by 7424@DESKTOP-QMJV9R8

[2026-05-15 22:41:13 #2 type.registry] 
New type domain.Persona

[2026-05-15 22:41:13 #3 type.registry] 
New type domain.MaestroDeCeremonias

[2026-05-15 22:41:13 #4 type] 
Type domain.Persona is not enhanced.

[2026-05-15 22:41:13 #5 type.registry] 
New type domain.SesionVoto

[2026-05-15 22:41:13 #6 type] 
Type domain.MaestroDeCeremonias is not enhanced.

[2026-05-15 22:41:13 #7 type.registry] 
New type domain.Conclave

[2026-05-15 22:41:13 #8 type] 
Type domain.SesionVoto is not enhanced.

[2026-05-15 22:41:13 #9 type.registry] 
New type domain.Cardenal

[2026-05-15 22:41:13 #10 type.registry] 
New type domain.CardenalElector

[2026-05-15 22:41:13 #11 type] 
Type domain.Conclave is not enhanced.

[2026-05-15 22:41:13 #12 type.registry] 
New type domain.Papa

[2026-05-15 22:41:13 #13 type] 
Type domain.Cardenal is not enhanced.

[2026-05-15 22:41:13 #14 type] 
Type domain.CardenalElector is not enhanced.

[2026-05-15 22:41:13 #15 type] 
Type domain.Papa is not enhanced.

[2026-05-15 22:41:13 #16 store] 
Database 'C:\Users\jla\git\conclave2.0\Market26\src\main\resources\conclaveDB.temp' is closed by 7424@DESKTOP-QMJV9R8

------------------------------------------------------------------------------------------------------------------------

[2026-05-15 22:41:19 #1 store] 
Database 'C:\Users\jla\git\conclave2.0\Market26\src\main\resources\conclaveDB.temp' is opened by 3036@DESKTOP-QMJV9R8

[2026-05-15 22:41:19 #2 type] 
Type domain.Persona is not enhanced.

[2026-05-15 22:41:19 #3 type] 
Type domain.MaestroDeCeremonias is not enhanced.

[2026-05-15 22:41:19 #4 type] 
Type domain.SesionVoto is not enhanced.

[2026-05-15 22:41:19 #5 type] 
Type domain.Conclave is not enhanced.

[2026-05-15 22:41:19 #6 type] 
Type domain.Cardenal is not enhanced.

[2026-05-15 22:41:19 #7 type] 
Type domain.CardenalElector is not enhanced.

[2026-05-15 22:41:19 #8 type] 
Type domain.Papa is not enhanced.

[2026-05-15 22:41:29 #9 type.registry] 
New type java.util.ArrayList<java.lang.Object>

[2026-05-15 22:41:29 #10 type.registry] 
New type java.util.ArrayList<domain.SesionVoto>

[2026-05-15 22:41:30 #11 type.registry] 
New type com.objectdb.o.LMT

[2026-05-15 22:41:30 #12 type.registry] 
New type com.objectdb.o.VAL

[2026-05-15 22:41:30 #13 type.registry] 
New type com.objectdb.o.RFV

[2026-05-15 22:41:30 #14 type.registry] 
New type java.util.HashSet<java.lang.Object>

[2026-05-15 22:41:30 #15 type.registry] 
New type java.util.HashSet<domain.SesionVoto>

[2026-05-15 22:41:30 #16 type.registry] 
New type java.util.ArrayList<domain.Conclave>

[2026-05-15 22:41:30 #17 type.registry] 
New type java.util.ArrayList<domain.CardenalElector>

[2026-05-15 22:41:31 #18 type.registry] 
New type java.util.HashSet<domain.Persona>

[2026-05-15 22:41:31 #19 type.registry] 
New type java.util.HashSet<domain.CardenalElector>

------------------------------------------------------------------------------------------------------------------------

[2026-05-15 22:41:40 #1 store] 
Database 'C:\Users\jla\git\conclave2.0\Market26\src\main\resources\conclaveDB.temp' has been recovered (tr. 5-16)

[2026-05-15 22:41:40 #2 store] 
Database 'C:\Users\jla\git\conclave2.0\Market26\src\main\resources\conclaveDB.temp' is opened by 11872@DESKTOP-QMJV9R8

[2026-05-15 22:41:40 #3 type] 
Type domain.Persona is not enhanced.

[2026-05-15 22:41:40 #4 type] 
Type domain.MaestroDeCeremonias is not enhanced.

[2026-05-15 22:41:40 #5 type] 
Type domain.SesionVoto is not enhanced.

[2026-05-15 22:41:40 #6 type] 
Type domain.Conclave is not enhanced.

[2026-05-15 22:41:40 #7 type] 
Type domain.Cardenal is not enhanced.

[2026-05-15 22:41:40 #8 type] 
Type domain.CardenalElector is not enhanced.

[2026-05-15 22:41:40 #9 type] 
Type domain.Papa is not enhanced.

------------------------------------------------------------------------------------------------------------------------

[2026-05-15 22:43:56 #1 store] 
Database 'C:\Users\jla\git\conclave2.0\Market26\src\main\resources\conclaveDB.temp' is opened by 8964@DESKTOP-QMJV9R8

[2026-05-15 22:43:56 #2 type] 
Type domain.Persona is not enhanced.

[2026-05-15 22:43:57 #3 type] 
Type domain.MaestroDeCeremonias is not enhanced.

[2026-05-15 22:43:57 #4 type] 
Type domain.SesionVoto is not enhanced.

[2026-05-15 22:43:57 #5 type] 
Type domain.Conclave is not enhanced.

[2026-05-15 22:43:57 #6 type] 
Type domain.Cardenal is not enhanced.

[2026-05-15 22:43:57 #7 type] 
Type domain.CardenalElector is not enhanced.

[2026-05-15 22:43:57 #8 type] 
Type domain.Papa is not enhanced.

------------------------------------------------------------------------------------------------------------------------

[2026-05-15 22:47:08 #1 store] 
Database 'C:\Users\jla\git\conclave2.0\Market26\src\main\resources\conclaveDB.temp' is opened by 10108@DESKTOP-QMJV9R8

[2026-05-15 22:47:09 #2 type] 
Type domain.Persona is not enhanced.

[2026-05-15 22:47:09 #3 type] 
Type domain.MaestroDeCeremonias is not enhanced.

[2026-05-15 22:47:09 #4 type] 
Type domain.SesionVoto is not enhanced.

[2026-05-15 22:47:09 #5 type] 
Type domain.Conclave is not enhanced.

[2026-05-15 22:47:09 #6 type] 
Type domain.Cardenal is not enhanced.

[2026-05-15 22:47:09 #7 type] 
Type domain.CardenalElector is not enhanced.

[2026-05-15 22:47:09 #8 type] 
Type domain.Papa is not enhanced.

------------------------------------------------------------------------------------------------------------------------

[2026-05-15 22:50:21 #1 store] 
Database 'C:\Users\jla\git\conclave2.0\Market26\src\main\resources\conclaveDB.temp' is opened by 2116@DESKTOP-QMJV9R8

[2026-05-15 22:50:21 #2 type.registry] 
New type domain.Persona

[2026-05-15 22:50:21 #3 type.registry] 
New type domain.MaestroDeCeremonias

[2026-05-15 22:50:21 #4 type] 
Type domain.Persona is not enhanced.

[2026-05-15 22:50:21 #5 type.registry] 
New type domain.SesionVoto

[2026-05-15 22:50:21 #6 type] 
Type domain.MaestroDeCeremonias is not enhanced.

[2026-05-15 22:50:21 #7 type.registry] 
New type domain.Conclave

[2026-05-15 22:50:21 #8 type] 
Type domain.SesionVoto is not enhanced.

[2026-05-15 22:50:21 #9 type.registry] 
New type domain.Cardenal

[2026-05-15 22:50:21 #10 type.registry] 
New type domain.CardenalElector

[2026-05-15 22:50:21 #11 type] 
Type domain.Conclave is not enhanced.

[2026-05-15 22:50:21 #12 type.registry] 
New type domain.Papa

[2026-05-15 22:50:21 #13 type] 
Type domain.Cardenal is not enhanced.

[2026-05-15 22:50:21 #14 type] 
Type domain.CardenalElector is not enhanced.

[2026-05-15 22:50:21 #15 type] 
Type domain.Papa is not enhanced.

[2026-05-15 22:50:22 #16 store] 
Database 'C:\Users\jla\git\conclave2.0\Market26\src\main\resources\conclaveDB.temp' is closed by 2116@DESKTOP-QMJV9R8

------------------------------------------------------------------------------------------------------------------------

[2026-05-15 22:50:56 #1 store] 
Database 'C:\Users\jla\git\conclave2.0\Market26\src\main\resources\conclaveDB.temp' is opened by 5404@DESKTOP-QMJV9R8

[2026-05-15 22:50:56 #2 type] 
Type domain.Persona is not enhanced.

[2026-05-15 22:50:56 #3 type] 
Type domain.MaestroDeCeremonias is not enhanced.

[2026-05-15 22:50:56 #4 type] 
Type domain.SesionVoto is not enhanced.

[2026-05-15 22:50:56 #5 type] 
Type domain.Conclave is not enhanced.

[2026-05-15 22:50:56 #6 type] 
Type domain.Cardenal is not enhanced.

[2026-05-15 22:50:56 #7 type] 
Type domain.CardenalElector is not enhanced.

[2026-05-15 22:50:56 #8 type] 
Type domain.Papa is not enhanced.

[2026-05-15 22:51:00 #9 type.registry] 
New type java.util.ArrayList<domain.SesionVoto>

[2026-05-15 22:51:00 #10 type.registry] 
New type java.util.HashSet<domain.SesionVoto>

[2026-05-15 22:51:00 #11 type.registry] 
New type java.util.ArrayList<domain.Conclave>

[2026-05-15 22:51:00 #12 type.registry] 
New type java.util.ArrayList<domain.CardenalElector>

------------------------------------------------------------------------------------------------------------------------

[2026-05-15 22:51:33 #1 store] 
Database 'C:\Users\jla\git\conclave2.0\Market26\src\main\resources\conclaveDB.temp' is opened by 8132@DESKTOP-QMJV9R8

[2026-05-15 22:51:34 #2 type.registry] 
New type domain.Persona

[2026-05-15 22:51:34 #3 type.registry] 
New type domain.MaestroDeCeremonias

[2026-05-15 22:51:34 #4 type] 
Type domain.Persona is not enhanced.

[2026-05-15 22:51:34 #5 type.registry] 
New type domain.SesionVoto

[2026-05-15 22:51:34 #6 type] 
Type domain.MaestroDeCeremonias is not enhanced.

[2026-05-15 22:51:34 #7 type.registry] 
New type domain.Conclave

[2026-05-15 22:51:34 #8 type] 
Type domain.SesionVoto is not enhanced.

[2026-05-15 22:51:34 #9 type.registry] 
New type domain.Cardenal

[2026-05-15 22:51:34 #10 type.registry] 
New type domain.CardenalElector

[2026-05-15 22:51:34 #11 type] 
Type domain.Conclave is not enhanced.

[2026-05-15 22:51:34 #12 type.registry] 
New type domain.Papa

[2026-05-15 22:51:34 #13 type] 
Type domain.Cardenal is not enhanced.

[2026-05-15 22:51:34 #14 type] 
Type domain.CardenalElector is not enhanced.

[2026-05-15 22:51:34 #15 type] 
Type domain.Papa is not enhanced.

[2026-05-15 22:51:34 #16 store] 
Database 'C:\Users\jla\git\conclave2.0\Market26\src\main\resources\conclaveDB.temp' is closed by 8132@DESKTOP-QMJV9R8

------------------------------------------------------------------------------------------------------------------------

[2026-05-15 22:52:57 #1 store] 
Database 'C:\Users\jla\git\conclave2.0\Market26\src\main\resources\conclaveDB.temp' is opened by 256@DESKTOP-QMJV9R8

[2026-05-15 22:52:57 #2 type.registry] 
New type domain.Persona

[2026-05-15 22:52:57 #3 type.registry] 
New type domain.MaestroDeCeremonias

[2026-05-15 22:52:57 #4 type] 
Type domain.Persona is not enhanced.

[2026-05-15 22:52:57 #5 type.registry] 
New type domain.SesionVoto

[2026-05-15 22:52:57 #6 type] 
Type domain.MaestroDeCeremonias is not enhanced.

[2026-05-15 22:52:57 #7 type.registry] 
New type domain.Conclave

[2026-05-15 22:52:57 #8 type] 
Type domain.SesionVoto is not enhanced.

[2026-05-15 22:52:57 #9 type.registry] 
New type domain.Cardenal

[2026-05-15 22:52:57 #10 type.registry] 
New type domain.CardenalElector

[2026-05-15 22:52:57 #11 type] 
Type domain.Conclave is not enhanced.

[2026-05-15 22:52:57 #12 type.registry] 
New type domain.Papa

[2026-05-15 22:52:57 #13 type] 
Type domain.Cardenal is not enhanced.

[2026-05-15 22:52:57 #14 type] 
Type domain.CardenalElector is not enhanced.

[2026-05-15 22:52:57 #15 type] 
Type domain.Papa is not enhanced.

[2026-05-15 22:52:57 #16 store] 
Database 'C:\Users\jla\git\conclave2.0\Market26\src\main\resources\conclaveDB.temp' is closed by 256@DESKTOP-QMJV9R8

------------------------------------------------------------------------------------------------------------------------

[2026-05-15 22:53:03 #1 store] 
Database 'C:\Users\jla\git\conclave2.0\Market26\src\main\resources\conclaveDB.temp' is opened by 1100@DESKTOP-QMJV9R8

[2026-05-15 22:53:03 #2 type] 
Type domain.Persona is not enhanced.

[2026-05-15 22:53:03 #3 type] 
Type domain.MaestroDeCeremonias is not enhanced.

[2026-05-15 22:53:03 #4 type] 
Type domain.SesionVoto is not enhanced.

[2026-05-15 22:53:03 #5 type] 
Type domain.Conclave is not enhanced.

[2026-05-15 22:53:03 #6 type] 
Type domain.Cardenal is not enhanced.

[2026-05-15 22:53:03 #7 type] 
Type domain.CardenalElector is not enhanced.

[2026-05-15 22:53:04 #8 type] 
Type domain.Papa is not enhanced.

[2026-05-15 22:53:06 #9 type.registry] 
New type java.util.ArrayList<java.lang.Object>

[2026-05-15 22:53:06 #10 type.registry] 
New type java.util.ArrayList<domain.SesionVoto>

[2026-05-15 22:53:06 #11 type.registry] 
New type com.objectdb.o.LMT

[2026-05-15 22:53:06 #12 type.registry] 
New type com.objectdb.o.VAL

[2026-05-15 22:53:06 #13 type.registry] 
New type com.objectdb.o.RFV

[2026-05-15 22:53:06 #14 type.registry] 
New type java.util.HashSet<java.lang.Object>

[2026-05-15 22:53:06 #15 type.registry] 
New type java.util.HashSet<domain.SesionVoto>

[2026-05-15 22:53:06 #16 type.registry] 
New type java.util.ArrayList<domain.Conclave>

[2026-05-15 22:53:06 #17 type.registry] 
New type java.util.ArrayList<domain.CardenalElector>

[2026-05-15 22:53:06 #18 type.registry] 
New type java.util.HashSet<domain.Persona>

[2026-05-15 22:53:06 #19 type.registry] 
New type java.util.HashSet<domain.CardenalElector>

------------------------------------------------------------------------------------------------------------------------

[2026-05-15 22:53:13 #1 store] 
Database 'C:\Users\jla\git\conclave2.0\Market26\src\main\resources\conclaveDB.temp' has been recovered (tr. 5-16)

[2026-05-15 22:53:13 #2 store] 
Database 'C:\Users\jla\git\conclave2.0\Market26\src\main\resources\conclaveDB.temp' is opened by 11392@DESKTOP-QMJV9R8

[2026-05-15 22:53:13 #3 type] 
Type domain.Persona is not enhanced.

[2026-05-15 22:53:13 #4 type] 
Type domain.MaestroDeCeremonias is not enhanced.

[2026-05-15 22:53:13 #5 type] 
Type domain.SesionVoto is not enhanced.

[2026-05-15 22:53:13 #6 type] 
Type domain.Conclave is not enhanced.

[2026-05-15 22:53:13 #7 type] 
Type domain.Cardenal is not enhanced.

[2026-05-15 22:53:13 #8 type] 
Type domain.CardenalElector is not enhanced.

[2026-05-15 22:53:13 #9 type] 
Type domain.Papa is not enhanced.

------------------------------------------------------------------------------------------------------------------------

[2026-05-15 22:55:18 #1 store] 
Database 'C:\Users\jla\git\conclave2.0\Market26\src\main\resources\conclaveDB.temp' has been recovered (tr. 17-17)

[2026-05-15 22:55:18 #2 store] 
Database 'C:\Users\jla\git\conclave2.0\Market26\src\main\resources\conclaveDB.temp' is opened by 11120@DESKTOP-QMJV9R8

[2026-05-15 22:55:18 #3 type] 
Type domain.Persona is not enhanced.

[2026-05-15 22:55:18 #4 type] 
Type domain.MaestroDeCeremonias is not enhanced.

[2026-05-15 22:55:18 #5 type] 
Type domain.SesionVoto is not enhanced.

[2026-05-15 22:55:18 #6 type] 
Type domain.Conclave is not enhanced.

[2026-05-15 22:55:18 #7 type] 
Type domain.Cardenal is not enhanced.

[2026-05-15 22:55:18 #8 type] 
Type domain.CardenalElector is not enhanced.

[2026-05-15 22:55:18 #9 type] 
Type domain.Papa is not enhanced.

------------------------------------------------------------------------------------------------------------------------

[2026-05-15 22:56:29 #1 store] 
Database 'C:\Users\jla\git\conclave2.0\Market26\src\main\resources\conclaveDB.temp' is opened by 8004@DESKTOP-QMJV9R8

[2026-05-15 22:56:29 #2 type] 
Type domain.Persona is not enhanced.

[2026-05-15 22:56:29 #3 type] 
Type domain.MaestroDeCeremonias is not enhanced.

[2026-05-15 22:56:29 #4 type] 
Type domain.SesionVoto is not enhanced.

[2026-05-15 22:56:29 #5 type] 
Type domain.Conclave is not enhanced.

[2026-05-15 22:56:29 #6 type] 
Type domain.Cardenal is not enhanced.

[2026-05-15 22:56:29 #7 type] 
Type domain.CardenalElector is not enhanced.

[2026-05-15 22:56:29 #8 type] 
Type domain.Papa is not enhanced.

------------------------------------------------------------------------------------------------------------------------

[2026-05-15 22:57:17 #1 store] 
Database 'C:\Users\jla\git\conclave2.0\Market26\src\main\resources\conclaveDB.temp' is opened by 12136@DESKTOP-QMJV9R8

[2026-05-15 22:57:17 #2 type.registry] 
New type domain.Persona

[2026-05-15 22:57:17 #3 type.registry] 
New type domain.MaestroDeCeremonias

[2026-05-15 22:57:17 #4 type] 
Type domain.Persona is not enhanced.

[2026-05-15 22:57:17 #5 type.registry] 
New type domain.SesionVoto

[2026-05-15 22:57:17 #6 type] 
Type domain.MaestroDeCeremonias is not enhanced.

[2026-05-15 22:57:17 #7 type.registry] 
New type domain.Conclave

[2026-05-15 22:57:17 #8 type] 
Type domain.SesionVoto is not enhanced.

[2026-05-15 22:57:17 #9 type.registry] 
New type domain.Cardenal

[2026-05-15 22:57:17 #10 type.registry] 
New type domain.CardenalElector

[2026-05-15 22:57:17 #11 type] 
Type domain.Conclave is not enhanced.

[2026-05-15 22:57:17 #12 type.registry] 
New type domain.Papa

[2026-05-15 22:57:17 #13 type] 
Type domain.Cardenal is not enhanced.

[2026-05-15 22:57:17 #14 type] 
Type domain.CardenalElector is not enhanced.

[2026-05-15 22:57:17 #15 type] 
Type domain.Papa is not enhanced.

[2026-05-15 22:57:17 #16 store] 
Database 'C:\Users\jla\git\conclave2.0\Market26\src\main\resources\conclaveDB.temp' is closed by 12136@DESKTOP-QMJV9R8

------------------------------------------------------------------------------------------------------------------------

[2026-05-15 22:57:21 #1 store] 
Database 'C:\Users\jla\git\conclave2.0\Market26\src\main\resources\conclaveDB.temp' is opened by 11868@DESKTOP-QMJV9R8

[2026-05-15 22:57:21 #2 type] 
Type domain.Persona is not enhanced.

[2026-05-15 22:57:21 #3 type] 
Type domain.MaestroDeCeremonias is not enhanced.

[2026-05-15 22:57:21 #4 type] 
Type domain.SesionVoto is not enhanced.

[2026-05-15 22:57:21 #5 type] 
Type domain.Conclave is not enhanced.

[2026-05-15 22:57:21 #6 type] 
Type domain.Cardenal is not enhanced.

[2026-05-15 22:57:21 #7 type] 
Type domain.CardenalElector is not enhanced.

[2026-05-15 22:57:21 #8 type] 
Type domain.Papa is not enhanced.

[2026-05-15 22:57:24 #9 type.registry] 
New type java.util.ArrayList<java.lang.Object>

[2026-05-15 22:57:24 #10 type.registry] 
New type java.util.ArrayList<domain.SesionVoto>

[2026-05-15 22:57:24 #11 type.registry] 
New type com.objectdb.o.LMT

[2026-05-15 22:57:24 #12 type.registry] 
New type com.objectdb.o.VAL

[2026-05-15 22:57:24 #13 type.registry] 
New type com.objectdb.o.RFV

[2026-05-15 22:57:24 #14 type.registry] 
New type java.util.HashSet<java.lang.Object>

[2026-05-15 22:57:24 #15 type.registry] 
New type java.util.HashSet<domain.SesionVoto>

[2026-05-15 22:57:24 #16 type.registry] 
New type java.util.ArrayList<domain.Conclave>

[2026-05-15 22:57:24 #17 type.registry] 
New type java.util.ArrayList<domain.CardenalElector>

[2026-05-15 22:57:24 #18 type.registry] 
New type java.util.HashSet<domain.Persona>

[2026-05-15 22:57:24 #19 type.registry] 
New type java.util.HashSet<domain.CardenalElector>

------------------------------------------------------------------------------------------------------------------------

[2026-05-15 22:57:32 #1 store] 
Database 'C:\Users\jla\git\conclave2.0\Market26\src\main\resources\conclaveDB.temp' has been recovered (tr. 5-16)

[2026-05-15 22:57:32 #2 store] 
Database 'C:\Users\jla\git\conclave2.0\Market26\src\main\resources\conclaveDB.temp' is opened by 6792@DESKTOP-QMJV9R8

[2026-05-15 22:57:32 #3 type] 
Type domain.Persona is not enhanced.

[2026-05-15 22:57:32 #4 type] 
Type domain.MaestroDeCeremonias is not enhanced.

[2026-05-15 22:57:32 #5 type] 
Type domain.SesionVoto is not enhanced.

[2026-05-15 22:57:32 #6 type] 
Type domain.Conclave is not enhanced.

[2026-05-15 22:57:32 #7 type] 
Type domain.Cardenal is not enhanced.

[2026-05-15 22:57:32 #8 type] 
Type domain.CardenalElector is not enhanced.

[2026-05-15 22:57:32 #9 type] 
Type domain.Papa is not enhanced.

------------------------------------------------------------------------------------------------------------------------

[2026-05-15 23:00:13 #1 store] 
Database 'C:\Users\jla\git\conclave2.0\Market26\src\main\resources\conclaveDB.temp' is opened by 8564@DESKTOP-QMJV9R8

[2026-05-15 23:00:13 #2 type] 
Type domain.Persona is not enhanced.

[2026-05-15 23:00:13 #3 type] 
Type domain.MaestroDeCeremonias is not enhanced.

[2026-05-15 23:00:13 #4 type] 
Type domain.SesionVoto is not enhanced.

[2026-05-15 23:00:13 #5 type] 
Type domain.Conclave is not enhanced.

[2026-05-15 23:00:13 #6 type] 
Type domain.Cardenal is not enhanced.

[2026-05-15 23:00:13 #7 type] 
Type domain.CardenalElector is not enhanced.

[2026-05-15 23:00:13 #8 type] 
Type domain.Papa is not enhanced.

------------------------------------------------------------------------------------------------------------------------

[2026-05-15 23:07:57 #1 store] 
Database 'C:\Users\jla\git\conclave2.0\Market26\src\main\resources\conclaveDB.temp' is opened by 240@DESKTOP-QMJV9R8

[2026-05-15 23:07:57 #2 type.registry] 
New type domain.Persona

[2026-05-15 23:07:57 #3 type.registry] 
New type domain.MaestroDeCeremonias

[2026-05-15 23:07:57 #4 type] 
Type domain.Persona is not enhanced.

[2026-05-15 23:07:57 #5 type.registry] 
New type domain.SesionVoto

[2026-05-15 23:07:57 #6 type] 
Type domain.MaestroDeCeremonias is not enhanced.

[2026-05-15 23:07:57 #7 type.registry] 
New type domain.Conclave

[2026-05-15 23:07:57 #8 type] 
Type domain.SesionVoto is not enhanced.

[2026-05-15 23:07:57 #9 type.registry] 
New type domain.Cardenal

[2026-05-15 23:07:57 #10 type.registry] 
New type domain.CardenalElector

[2026-05-15 23:07:57 #11 type] 
Type domain.Conclave is not enhanced.

[2026-05-15 23:07:57 #12 type.registry] 
New type domain.Papa

[2026-05-15 23:07:57 #13 type] 
Type domain.Cardenal is not enhanced.

[2026-05-15 23:07:57 #14 type] 
Type domain.CardenalElector is not enhanced.

[2026-05-15 23:07:57 #15 type] 
Type domain.Papa is not enhanced.

[2026-05-15 23:07:57 #16 store] 
Database 'C:\Users\jla\git\conclave2.0\Market26\src\main\resources\conclaveDB.temp' is closed by 240@DESKTOP-QMJV9R8

------------------------------------------------------------------------------------------------------------------------

[2026-05-15 23:10:29 #1 store] 
Database 'C:\Users\jla\git\conclave2.0\Market26\src\main\resources\conclaveDB.temp' is opened by 4892@DESKTOP-QMJV9R8

[2026-05-15 23:10:29 #2 type] 
Type domain.Persona is not enhanced.

[2026-05-15 23:10:29 #3 type] 
Type domain.MaestroDeCeremonias is not enhanced.

[2026-05-15 23:10:29 #4 type] 
Type domain.SesionVoto is not enhanced.

[2026-05-15 23:10:29 #5 type] 
Type domain.Conclave is not enhanced.

[2026-05-15 23:10:29 #6 type] 
Type domain.Cardenal is not enhanced.

[2026-05-15 23:10:29 #7 type] 
Type domain.CardenalElector is not enhanced.

[2026-05-15 23:10:29 #8 type] 
Type domain.Papa is not enhanced.

------------------------------------------------------------------------------------------------------------------------

[2026-05-15 23:10:48 #1 store] 
Database 'C:\Users\jla\git\conclave2.0\Market26\src\main\resources\conclaveDB.temp' is opened by 1768@DESKTOP-QMJV9R8

[2026-05-15 23:10:48 #2 type.registry] 
New type domain.Persona

[2026-05-15 23:10:48 #3 type.registry] 
New type domain.MaestroDeCeremonias

[2026-05-15 23:10:48 #4 type] 
Type domain.Persona is not enhanced.

[2026-05-15 23:10:48 #5 type.registry] 
New type domain.SesionVoto

[2026-05-15 23:10:48 #6 type] 
Type domain.MaestroDeCeremonias is not enhanced.

[2026-05-15 23:10:48 #7 type.registry] 
New type domain.Conclave

[2026-05-15 23:10:48 #8 type] 
Type domain.SesionVoto is not enhanced.

[2026-05-15 23:10:48 #9 type.registry] 
New type domain.Cardenal

[2026-05-15 23:10:48 #10 type.registry] 
New type domain.CardenalElector

[2026-05-15 23:10:48 #11 type] 
Type domain.Conclave is not enhanced.

[2026-05-15 23:10:48 #12 type.registry] 
New type domain.Papa

[2026-05-15 23:10:48 #13 type] 
Type domain.Cardenal is not enhanced.

[2026-05-15 23:10:48 #14 type] 
Type domain.CardenalElector is not enhanced.

[2026-05-15 23:10:48 #15 type] 
Type domain.Papa is not enhanced.

[2026-05-15 23:10:48 #16 store] 
Database 'C:\Users\jla\git\conclave2.0\Market26\src\main\resources\conclaveDB.temp' is closed by 1768@DESKTOP-QMJV9R8

------------------------------------------------------------------------------------------------------------------------

[2026-05-15 23:10:51 #1 store] 
Database 'C:\Users\jla\git\conclave2.0\Market26\src\main\resources\conclaveDB.temp' is opened by 5208@DESKTOP-QMJV9R8

[2026-05-15 23:10:52 #2 type] 
Type domain.Persona is not enhanced.

[2026-05-15 23:10:52 #3 type] 
Type domain.MaestroDeCeremonias is not enhanced.

[2026-05-15 23:10:52 #4 type] 
Type domain.SesionVoto is not enhanced.

[2026-05-15 23:10:52 #5 type] 
Type domain.Conclave is not enhanced.

[2026-05-15 23:10:52 #6 type] 
Type domain.Cardenal is not enhanced.

[2026-05-15 23:10:52 #7 type] 
Type domain.CardenalElector is not enhanced.

[2026-05-15 23:10:52 #8 type] 
Type domain.Papa is not enhanced.

------------------------------------------------------------------------------------------------------------------------

[2026-05-15 23:12:29 #1 store] 
Database 'C:\Users\jla\git\conclave2.0\Market26\src\main\resources\conclaveDB.temp' is opened by 10896@DESKTOP-QMJV9R8

[2026-05-15 23:12:29 #2 type] 
Type domain.Persona is not enhanced.

[2026-05-15 23:12:29 #3 type] 
Type domain.MaestroDeCeremonias is not enhanced.

[2026-05-15 23:12:29 #4 type] 
Type domain.SesionVoto is not enhanced.

[2026-05-15 23:12:29 #5 type] 
Type domain.Conclave is not enhanced.

[2026-05-15 23:12:29 #6 type] 
Type domain.Cardenal is not enhanced.

[2026-05-15 23:12:29 #7 type] 
Type domain.CardenalElector is not enhanced.

[2026-05-15 23:12:29 #8 type] 
Type domain.Papa is not enhanced.

[2026-05-15 23:12:45 #9 type.registry] 
New type java.util.ArrayList<java.lang.Object>

[2026-05-15 23:12:45 #10 type.registry] 
New type java.util.ArrayList<domain.SesionVoto>

[2026-05-15 23:12:45 #11 type.registry] 
New type com.objectdb.o.LMT

[2026-05-15 23:12:45 #12 type.registry] 
New type com.objectdb.o.VAL

[2026-05-15 23:12:45 #13 type.registry] 
New type com.objectdb.o.RFV

[2026-05-15 23:12:45 #14 type.registry] 
New type java.util.HashSet<java.lang.Object>

[2026-05-15 23:12:45 #15 type.registry] 
New type java.util.HashSet<domain.SesionVoto>

[2026-05-15 23:12:45 #16 type.registry] 
New type java.util.ArrayList<domain.Conclave>

[2026-05-15 23:12:45 #17 type.registry] 
New type java.util.ArrayList<domain.CardenalElector>

[2026-05-15 23:12:46 #18 type.registry] 
New type java.util.HashSet<domain.Persona>

[2026-05-15 23:12:46 #19 type.registry] 
New type java.util.HashSet<domain.CardenalElector>

------------------------------------------------------------------------------------------------------------------------

[2026-05-15 23:13:08 #1 store] 
Database 'C:\Users\jla\git\conclave2.0\Market26\src\main\resources\conclaveDB.temp' has been recovered (tr. 5-17)

[2026-05-15 23:13:08 #2 store] 
Database 'C:\Users\jla\git\conclave2.0\Market26\src\main\resources\conclaveDB.temp' is opened by 3168@DESKTOP-QMJV9R8

[2026-05-15 23:13:08 #3 type] 
Type domain.Persona is not enhanced.

[2026-05-15 23:13:08 #4 type] 
Type domain.MaestroDeCeremonias is not enhanced.

[2026-05-15 23:13:08 #5 type] 
Type domain.SesionVoto is not enhanced.

[2026-05-15 23:13:08 #6 type] 
Type domain.Conclave is not enhanced.

[2026-05-15 23:13:08 #7 type] 
Type domain.Cardenal is not enhanced.

[2026-05-15 23:13:08 #8 type] 
Type domain.CardenalElector is not enhanced.

[2026-05-15 23:13:08 #9 type] 
Type domain.Papa is not enhanced.

------------------------------------------------------------------------------------------------------------------------

[2026-05-15 23:13:41 #1 store] 
Database 'C:\Users\jla\git\conclave2.0\Market26\src\main\resources\conclaveDB.temp' is opened by 6676@DESKTOP-QMJV9R8

[2026-05-15 23:13:42 #2 type.registry] 
New type domain.Persona

[2026-05-15 23:13:42 #3 type.registry] 
New type domain.MaestroDeCeremonias

[2026-05-15 23:13:42 #4 type] 
Type domain.Persona is not enhanced.

[2026-05-15 23:13:42 #5 type.registry] 
New type domain.SesionVoto

[2026-05-15 23:13:42 #6 type] 
Type domain.MaestroDeCeremonias is not enhanced.

[2026-05-15 23:13:42 #7 type.registry] 
New type domain.Conclave

[2026-05-15 23:13:42 #8 type] 
Type domain.SesionVoto is not enhanced.

[2026-05-15 23:13:42 #9 type.registry] 
New type domain.Cardenal

[2026-05-15 23:13:42 #10 type.registry] 
New type domain.CardenalElector

[2026-05-15 23:13:42 #11 type] 
Type domain.Conclave is not enhanced.

[2026-05-15 23:13:42 #12 type.registry] 
New type domain.Papa

[2026-05-15 23:13:42 #13 type] 
Type domain.Cardenal is not enhanced.

[2026-05-15 23:13:42 #14 type] 
Type domain.CardenalElector is not enhanced.

[2026-05-15 23:13:42 #15 type] 
Type domain.Papa is not enhanced.

[2026-05-15 23:13:42 #16 store] 
Database 'C:\Users\jla\git\conclave2.0\Market26\src\main\resources\conclaveDB.temp' is closed by 6676@DESKTOP-QMJV9R8

------------------------------------------------------------------------------------------------------------------------

[2026-05-15 23:13:46 #1 store] 
Database 'C:\Users\jla\git\conclave2.0\Market26\src\main\resources\conclaveDB.temp' is opened by 10040@DESKTOP-QMJV9R8

[2026-05-15 23:13:46 #2 type] 
Type domain.Persona is not enhanced.

[2026-05-15 23:13:46 #3 type] 
Type domain.MaestroDeCeremonias is not enhanced.

[2026-05-15 23:13:46 #4 type] 
Type domain.SesionVoto is not enhanced.

[2026-05-15 23:13:46 #5 type] 
Type domain.Conclave is not enhanced.

[2026-05-15 23:13:46 #6 type] 
Type domain.Cardenal is not enhanced.

[2026-05-15 23:13:46 #7 type] 
Type domain.CardenalElector is not enhanced.

[2026-05-15 23:13:46 #8 type] 
Type domain.Papa is not enhanced.

[2026-05-15 23:13:49 #9 type.registry] 
New type java.util.ArrayList<java.lang.Object>

[2026-05-15 23:13:49 #10 type.registry] 
New type java.util.ArrayList<domain.SesionVoto>

[2026-05-15 23:13:49 #11 type.registry] 
New type com.objectdb.o.LMT

[2026-05-15 23:13:49 #12 type.registry] 
New type com.objectdb.o.VAL

[2026-05-15 23:13:49 #13 type.registry] 
New type com.objectdb.o.RFV

[2026-05-15 23:13:49 #14 type.registry] 
New type java.util.HashSet<java.lang.Object>

[2026-05-15 23:13:49 #15 type.registry] 
New type java.util.HashSet<domain.SesionVoto>

[2026-05-15 23:13:49 #16 type.registry] 
New type java.util.ArrayList<domain.Conclave>

[2026-05-15 23:13:49 #17 type.registry] 
New type java.util.ArrayList<domain.CardenalElector>

[2026-05-15 23:13:50 #18 type.registry] 
New type java.util.HashSet<domain.Persona>

[2026-05-15 23:13:50 #19 type.registry] 
New type java.util.HashSet<domain.CardenalElector>

------------------------------------------------------------------------------------------------------------------------

[2026-05-15 23:17:10 #1 store] 
Database 'C:\Users\jla\git\conclave2.0\Market26\src\main\resources\conclaveDB.temp' has been recovered (tr. 5-17)

[2026-05-15 23:17:10 #2 store] 
Database 'C:\Users\jla\git\conclave2.0\Market26\src\main\resources\conclaveDB.temp' is opened by 2116@DESKTOP-QMJV9R8

[2026-05-15 23:17:10 #3 type] 
Type domain.Persona is not enhanced.

[2026-05-15 23:17:10 #4 type] 
Type domain.MaestroDeCeremonias is not enhanced.

[2026-05-15 23:17:10 #5 type] 
Type domain.SesionVoto is not enhanced.

[2026-05-15 23:17:10 #6 type] 
Type domain.Conclave is not enhanced.

[2026-05-15 23:17:10 #7 type] 
Type domain.Cardenal is not enhanced.

[2026-05-15 23:17:10 #8 type] 
Type domain.CardenalElector is not enhanced.

[2026-05-15 23:17:10 #9 type] 
Type domain.Papa is not enhanced.

------------------------------------------------------------------------------------------------------------------------

[2026-05-15 23:17:34 #1 store] 
Database 'C:\Users\jla\git\conclave2.0\Market26\src\main\resources\conclaveDB.temp' is opened by 8948@DESKTOP-QMJV9R8

[2026-05-15 23:17:34 #2 type.registry] 
New type domain.Persona

[2026-05-15 23:17:34 #3 type.registry] 
New type domain.MaestroDeCeremonias

[2026-05-15 23:17:34 #4 type] 
Type domain.Persona is not enhanced.

[2026-05-15 23:17:34 #5 type.registry] 
New type domain.SesionVoto

[2026-05-15 23:17:34 #6 type] 
Type domain.MaestroDeCeremonias is not enhanced.

[2026-05-15 23:17:34 #7 type.registry] 
New type domain.Conclave

[2026-05-15 23:17:34 #8 type] 
Type domain.SesionVoto is not enhanced.

[2026-05-15 23:17:34 #9 type.registry] 
New type domain.Cardenal

[2026-05-15 23:17:34 #10 type.registry] 
New type domain.CardenalElector

[2026-05-15 23:17:34 #11 type] 
Type domain.Conclave is not enhanced.

[2026-05-15 23:17:34 #12 type.registry] 
New type domain.Papa

[2026-05-15 23:17:34 #13 type] 
Type domain.Cardenal is not enhanced.

[2026-05-15 23:17:34 #14 type] 
Type domain.CardenalElector is not enhanced.

[2026-05-15 23:17:34 #15 type] 
Type domain.Papa is not enhanced.

[2026-05-15 23:17:34 #16 store] 
Database 'C:\Users\jla\git\conclave2.0\Market26\src\main\resources\conclaveDB.temp' is closed by 8948@DESKTOP-QMJV9R8

------------------------------------------------------------------------------------------------------------------------

[2026-05-15 23:17:47 #1 store] 
Database 'C:\Users\jla\git\conclave2.0\Market26\src\main\resources\conclaveDB.temp' is opened by 7476@DESKTOP-QMJV9R8

[2026-05-15 23:17:48 #2 type] 
Type domain.Persona is not enhanced.

[2026-05-15 23:17:48 #3 type] 
Type domain.MaestroDeCeremonias is not enhanced.

[2026-05-15 23:17:48 #4 type] 
Type domain.SesionVoto is not enhanced.

[2026-05-15 23:17:48 #5 type] 
Type domain.Conclave is not enhanced.

[2026-05-15 23:17:48 #6 type] 
Type domain.Cardenal is not enhanced.

[2026-05-15 23:17:48 #7 type] 
Type domain.CardenalElector is not enhanced.

[2026-05-15 23:17:48 #8 type] 
Type domain.Papa is not enhanced.

[2026-05-15 23:17:51 #9 type.registry] 
New type java.util.ArrayList<java.lang.Object>

[2026-05-15 23:17:51 #10 type.registry] 
New type java.util.ArrayList<domain.SesionVoto>

[2026-05-15 23:17:51 #11 type.registry] 
New type com.objectdb.o.LMT

[2026-05-15 23:17:51 #12 type.registry] 
New type com.objectdb.o.VAL

[2026-05-15 23:17:51 #13 type.registry] 
New type com.objectdb.o.RFV

[2026-05-15 23:17:51 #14 type.registry] 
New type java.util.HashSet<java.lang.Object>

[2026-05-15 23:17:51 #15 type.registry] 
New type java.util.HashSet<domain.SesionVoto>

[2026-05-15 23:17:51 #16 type.registry] 
New type java.util.ArrayList<domain.Conclave>

[2026-05-15 23:17:51 #17 type.registry] 
New type java.util.ArrayList<domain.CardenalElector>

[2026-05-15 23:17:51 #18 type.registry] 
New type java.util.HashSet<domain.Persona>

[2026-05-15 23:17:51 #19 type.registry] 
New type java.util.HashSet<domain.CardenalElector>

------------------------------------------------------------------------------------------------------------------------

[2026-05-15 23:21:23 #1 store] 
Database 'C:\Users\jla\git\conclave2.0\Market26\src\main\resources\conclaveDB.temp' is opened by 12284@DESKTOP-QMJV9R8

[2026-05-15 23:21:23 #2 type.registry] 
New type domain.Persona

[2026-05-15 23:21:23 #3 type.registry] 
New type domain.MaestroDeCeremonias

[2026-05-15 23:21:23 #4 type] 
Type domain.Persona is not enhanced.

[2026-05-15 23:21:23 #5 type.registry] 
New type domain.SesionVoto

[2026-05-15 23:21:23 #6 type] 
Type domain.MaestroDeCeremonias is not enhanced.

[2026-05-15 23:21:23 #7 type.registry] 
New type domain.Conclave

[2026-05-15 23:21:23 #8 type] 
Type domain.SesionVoto is not enhanced.

[2026-05-15 23:21:23 #9 type.registry] 
New type domain.Cardenal

[2026-05-15 23:21:23 #10 type.registry] 
New type domain.CardenalElector

[2026-05-15 23:21:23 #11 type] 
Type domain.Conclave is not enhanced.

[2026-05-15 23:21:23 #12 type.registry] 
New type domain.Papa

[2026-05-15 23:21:23 #13 type] 
Type domain.Cardenal is not enhanced.

[2026-05-15 23:21:23 #14 type] 
Type domain.CardenalElector is not enhanced.

[2026-05-15 23:21:23 #15 type] 
Type domain.Papa is not enhanced.

[2026-05-15 23:21:23 #16 store] 
Database 'C:\Users\jla\git\conclave2.0\Market26\src\main\resources\conclaveDB.temp' is closed by 12284@DESKTOP-QMJV9R8

------------------------------------------------------------------------------------------------------------------------

[2026-05-15 23:21:29 #1 store] 
Database 'C:\Users\jla\git\conclave2.0\Market26\src\main\resources\conclaveDB.temp' is opened by 10924@DESKTOP-QMJV9R8

[2026-05-15 23:21:29 #2 type] 
Type domain.Persona is not enhanced.

[2026-05-15 23:21:29 #3 type] 
Type domain.MaestroDeCeremonias is not enhanced.

[2026-05-15 23:21:29 #4 type] 
Type domain.SesionVoto is not enhanced.

[2026-05-15 23:21:29 #5 type] 
Type domain.Conclave is not enhanced.

[2026-05-15 23:21:29 #6 type] 
Type domain.Cardenal is not enhanced.

[2026-05-15 23:21:29 #7 type] 
Type domain.CardenalElector is not enhanced.

[2026-05-15 23:21:29 #8 type] 
Type domain.Papa is not enhanced.

[2026-05-15 23:21:33 #9 type.registry] 
New type java.util.ArrayList<java.lang.Object>

[2026-05-15 23:21:33 #10 type.registry] 
New type java.util.ArrayList<domain.SesionVoto>

[2026-05-15 23:21:33 #11 type.registry] 
New type com.objectdb.o.LMT

[2026-05-15 23:21:33 #12 type.registry] 
New type com.objectdb.o.VAL

[2026-05-15 23:21:33 #13 type.registry] 
New type com.objectdb.o.RFV

[2026-05-15 23:21:33 #14 type.registry] 
New type java.util.HashSet<java.lang.Object>

[2026-05-15 23:21:33 #15 type.registry] 
New type java.util.HashSet<domain.SesionVoto>

[2026-05-15 23:21:33 #16 type.registry] 
New type java.util.ArrayList<domain.Conclave>

[2026-05-15 23:21:33 #17 type.registry] 
New type java.util.ArrayList<domain.CardenalElector>

[2026-05-15 23:21:33 #18 type.registry] 
New type java.util.HashSet<domain.Persona>

[2026-05-15 23:21:33 #19 type.registry] 
New type java.util.HashSet<domain.CardenalElector>

------------------------------------------------------------------------------------------------------------------------

[2026-05-15 23:22:53 #1 store] 
Database 'C:\Users\jla\git\conclave2.0\Market26\src\main\resources\conclaveDB.temp' is opened by 8264@DESKTOP-QMJV9R8

[2026-05-15 23:22:53 #2 type.registry] 
New type domain.Persona

[2026-05-15 23:22:53 #3 type.registry] 
New type domain.MaestroDeCeremonias

[2026-05-15 23:22:53 #4 type] 
Type domain.Persona is not enhanced.

[2026-05-15 23:22:53 #5 type.registry] 
New type domain.SesionVoto

[2026-05-15 23:22:53 #6 type] 
Type domain.MaestroDeCeremonias is not enhanced.

[2026-05-15 23:22:53 #7 type.registry] 
New type domain.Conclave

[2026-05-15 23:22:53 #8 type] 
Type domain.SesionVoto is not enhanced.

[2026-05-15 23:22:53 #9 type.registry] 
New type domain.Cardenal

[2026-05-15 23:22:53 #10 type.registry] 
New type domain.CardenalElector

[2026-05-15 23:22:53 #11 type] 
Type domain.Conclave is not enhanced.

[2026-05-15 23:22:53 #12 type.registry] 
New type domain.Papa

[2026-05-15 23:22:53 #13 type] 
Type domain.Cardenal is not enhanced.

[2026-05-15 23:22:53 #14 type] 
Type domain.CardenalElector is not enhanced.

[2026-05-15 23:22:53 #15 type] 
Type domain.Papa is not enhanced.

[2026-05-15 23:22:53 #16 store] 
Database 'C:\Users\jla\git\conclave2.0\Market26\src\main\resources\conclaveDB.temp' is closed by 8264@DESKTOP-QMJV9R8

------------------------------------------------------------------------------------------------------------------------

[2026-05-15 23:22:58 #1 store] 
Database 'C:\Users\jla\git\conclave2.0\Market26\src\main\resources\conclaveDB.temp' is opened by 10604@DESKTOP-QMJV9R8

[2026-05-15 23:22:59 #2 type] 
Type domain.Persona is not enhanced.

[2026-05-15 23:22:59 #3 type] 
Type domain.MaestroDeCeremonias is not enhanced.

[2026-05-15 23:22:59 #4 type] 
Type domain.SesionVoto is not enhanced.

[2026-05-15 23:22:59 #5 type] 
Type domain.Conclave is not enhanced.

[2026-05-15 23:22:59 #6 type] 
Type domain.Cardenal is not enhanced.

[2026-05-15 23:22:59 #7 type] 
Type domain.CardenalElector is not enhanced.

[2026-05-15 23:22:59 #8 type] 
Type domain.Papa is not enhanced.

[2026-05-15 23:23:05 #9 type.registry] 
New type java.util.ArrayList<java.lang.Object>

[2026-05-15 23:23:05 #10 type.registry] 
New type java.util.ArrayList<domain.SesionVoto>

[2026-05-15 23:23:05 #11 type.registry] 
New type com.objectdb.o.LMT

[2026-05-15 23:23:05 #12 type.registry] 
New type com.objectdb.o.VAL

[2026-05-15 23:23:05 #13 type.registry] 
New type com.objectdb.o.RFV

[2026-05-15 23:23:05 #14 type.registry] 
New type java.util.HashSet<java.lang.Object>

[2026-05-15 23:23:05 #15 type.registry] 
New type java.util.HashSet<domain.SesionVoto>

[2026-05-15 23:23:05 #16 type.registry] 
New type java.util.ArrayList<domain.Conclave>

[2026-05-15 23:23:05 #17 type.registry] 
New type java.util.ArrayList<domain.CardenalElector>

[2026-05-15 23:23:05 #18 type.registry] 
New type java.util.HashSet<domain.Persona>

[2026-05-15 23:23:05 #19 type.registry] 
New type java.util.HashSet<domain.CardenalElector>

------------------------------------------------------------------------------------------------------------------------

[2026-05-15 23:54:51 #1 store] 
Database 'C:\Users\jla\git\conclave2.0\Market26\src\main\resources\conclaveDB.temp' is opened by 4892@DESKTOP-QMJV9R8

[2026-05-15 23:54:52 #2 type.registry] 
New type domain.Persona

[2026-05-15 23:54:52 #3 type.registry] 
New type domain.MaestroDeCeremonias

[2026-05-15 23:54:52 #4 type] 
Type domain.Persona is not enhanced.

[2026-05-15 23:54:52 #5 type.registry] 
New type domain.SesionVoto

[2026-05-15 23:54:52 #6 type] 
Type domain.MaestroDeCeremonias is not enhanced.

[2026-05-15 23:54:52 #7 type.registry] 
New type domain.Conclave

[2026-05-15 23:54:52 #8 type] 
Type domain.SesionVoto is not enhanced.

[2026-05-15 23:54:52 #9 type.registry] 
New type domain.Cardenal

[2026-05-15 23:54:52 #10 type.registry] 
New type domain.CardenalElector

[2026-05-15 23:54:52 #11 type] 
Type domain.Conclave is not enhanced.

[2026-05-15 23:54:52 #12 type.registry] 
New type domain.Papa

[2026-05-15 23:54:52 #13 type] 
Type domain.Cardenal is not enhanced.

[2026-05-15 23:54:52 #14 type] 
Type domain.CardenalElector is not enhanced.

[2026-05-15 23:54:52 #15 type] 
Type domain.Papa is not enhanced.

[2026-05-15 23:55:03 #16 type.registry] 
New type java.util.ArrayList<java.lang.Object>

[2026-05-15 23:55:03 #17 type.registry] 
New type java.util.ArrayList<domain.SesionVoto>

[2026-05-15 23:55:03 #18 type.registry] 
New type com.objectdb.o.LMT

[2026-05-15 23:55:03 #19 type.registry] 
New type com.objectdb.o.VAL

[2026-05-15 23:55:03 #20 type.registry] 
New type com.objectdb.o.RFV

[2026-05-15 23:55:03 #21 type.registry] 
New type java.util.HashSet<java.lang.Object>

[2026-05-15 23:55:03 #22 type.registry] 
New type java.util.HashSet<domain.SesionVoto>

[2026-05-15 23:55:03 #23 type.registry] 
New type java.util.ArrayList<domain.Conclave>

[2026-05-15 23:55:03 #24 type.registry] 
New type java.util.ArrayList<domain.CardenalElector>

[2026-05-15 23:55:20 #25 type.registry] 
New type java.util.ArrayList<domain.Persona>

[2026-05-15 23:55:20 #26 type.registry] 
New type java.util.HashSet<domain.CardenalElector>

------------------------------------------------------------------------------------------------------------------------

[2026-05-15 23:58:09 #1 store] 
Database 'C:\Users\jla\git\conclave2.0\Market26\src\main\resources\conclaveDB.temp' is opened by 1104@DESKTOP-QMJV9R8

[2026-05-15 23:58:09 #2 type.registry] 
New type domain.Persona

[2026-05-15 23:58:09 #3 type.registry] 
New type domain.MaestroDeCeremonias

[2026-05-15 23:58:09 #4 type] 
Type domain.Persona is not enhanced.

[2026-05-15 23:58:09 #5 type.registry] 
New type domain.SesionVoto

[2026-05-15 23:58:09 #6 type] 
Type domain.MaestroDeCeremonias is not enhanced.

[2026-05-15 23:58:09 #7 type.registry] 
New type domain.Conclave

[2026-05-15 23:58:09 #8 type] 
Type domain.SesionVoto is not enhanced.

[2026-05-15 23:58:09 #9 type.registry] 
New type domain.Cardenal

[2026-05-15 23:58:09 #10 type.registry] 
New type domain.CardenalElector

[2026-05-15 23:58:09 #11 type] 
Type domain.Conclave is not enhanced.

[2026-05-15 23:58:09 #12 type.registry] 
New type domain.Papa

[2026-05-15 23:58:09 #13 type] 
Type domain.Cardenal is not enhanced.

[2026-05-15 23:58:09 #14 type] 
Type domain.CardenalElector is not enhanced.

[2026-05-15 23:58:09 #15 type] 
Type domain.Papa is not enhanced.

[2026-05-15 23:58:11 #16 type.registry] 
New type java.util.ArrayList<java.lang.Object>

[2026-05-15 23:58:11 #17 type.registry] 
New type java.util.ArrayList<domain.SesionVoto>

[2026-05-15 23:58:11 #18 type.registry] 
New type com.objectdb.o.LMT

[2026-05-15 23:58:11 #19 type.registry] 
New type com.objectdb.o.VAL

[2026-05-15 23:58:11 #20 type.registry] 
New type com.objectdb.o.RFV

[2026-05-15 23:58:11 #21 type.registry] 
New type java.util.HashSet<java.lang.Object>

[2026-05-15 23:58:11 #22 type.registry] 
New type java.util.HashSet<domain.SesionVoto>

[2026-05-15 23:58:11 #23 type.registry] 
New type java.util.ArrayList<domain.Conclave>

[2026-05-15 23:58:11 #24 type.registry] 
New type java.util.ArrayList<domain.CardenalElector>

[2026-05-15 23:58:12 #25 type.registry] 
New type java.util.ArrayList<domain.Persona>

[2026-05-15 23:58:12 #26 type.registry] 
New type java.util.HashSet<domain.CardenalElector>

